character,category,base_species,species_id_PROVISIONAL,keep(Y/n)
Aaron,elite4,SPECIES_SCYTHER,123,Y
Aaron,elite4,SPECIES_YANMA,193,Y
Aaron,elite4,SPECIES_HERACROSS,214,Y
Aaron,elite4,SPECIES_WURMPLE,290,Y
Aaron,elite4,SPECIES_TRAPINCH,332,Y
Aaron,elite4,SPECIES_COMBEE,468,Y
Aaron,elite4,SPECIES_STUNKY,487,Y
Aaron,elite4,SPECIES_SKORUPI,504,Y
Acerola,elite4,SPECIES_GASTLY,92,Y
Acerola,elite4,SPECIES_SABLEYE,322,Y
Acerola,elite4,SPECIES_SNORUNT,346,Y
Acerola,elite4,SPECIES_SHUPPET,377,Y
Acerola,elite4,SPECIES_DRIFLOON,478,Y
Acerola,elite4,SPECIES_FRILLISH,645,Y
Acerola,elite4,SPECIES_SANDYGAST,986,Y
Acerola,elite4,SPECIES_MIMIKYU,995,Y
Acerola,elite4,SPECIES_DHELMISE,998,Y
Acerola,elite4,SPECIES_TAPU_BULU,1004,Y
Adaman,rival,SPECIES_EEVEE,133,Y
Agatha,elite4,SPECIES_BULBASAUR,1,Y
Agatha,elite4,SPECIES_EKANS,23,Y
Agatha,elite4,SPECIES_ZUBAT,41,Y
Agatha,elite4,SPECIES_ABRA,63,Y
Agatha,elite4,SPECIES_GRIMER,88,Y
Agatha,elite4,SPECIES_GASTLY,92,Y
Agatha,elite4,SPECIES_CUBONE,104,Y
Agatha,elite4,SPECIES_KOFFING,109,Y
Agatha,elite4,SPECIES_MAGIKARP,129,Y
Agatha,elite4,SPECIES_MISDREAVUS,200,Y
Agatha,elite4,SPECIES_SMOOCHUM,238,Y
Akari,protagonist,SPECIES_PICHU,172,Y
Akari,protagonist,SPECIES_CLEFFA,173,Y
Akari,protagonist,SPECIES_TURTWIG,440,Y
Akari,protagonist,SPECIES_CHIMCHAR,443,Y
Akari,protagonist,SPECIES_PIPLUP,446,Y
Akari,protagonist,SPECIES_STARLY,449,Y
Akari,protagonist,SPECIES_MIME_JR,492,Y
Alain,anime,SPECIES_CHARMANDER,4,Y
Alain,anime,SPECIES_SNEASEL,215,Y
Alain,anime,SPECIES_LARVITAR,246,Y
Alain,anime,SPECIES_BELDUM,398,Y
Alain,anime,SPECIES_PIDOVE,572,Y
Alain,anime,SPECIES_PAWNIARD,677,Y
Alain,anime,SPECIES_CHESPIN,758,Y
Alain,anime,SPECIES_INKAY,794,Y
Alder,champion,SPECIES_TIMBURR,585,Y
Alder,champion,SPECIES_SANDILE,604,Y
Alder,champion,SPECIES_SOLOSIS,630,Y
Alder,champion,SPECIES_VANILLITE,635,Y
Alder,champion,SPECIES_KARRABLAST,641,Y
Alder,champion,SPECIES_LITWICK,660,Y
Alder,champion,SPECIES_SHELMET,669,Y
Alder,champion,SPECIES_DRUDDIGON,674,Y
Alder,champion,SPECIES_BOUFFALANT,679,Y
Alder,champion,SPECIES_RUFFLET,680,Y
Alder,champion,SPECIES_LARVESTA,689,Y
Allister,gymleader,SPECIES_GASTLY,92,Y
Allister,gymleader,SPECIES_DUSKULL,361,Y
Allister,gymleader,SPECIES_YAMASK,615,Y
Allister,gymleader,SPECIES_LITWICK,660,Y
Allister,gymleader,SPECIES_PUMPKABOO,818,Y
Allister,gymleader,SPECIES_MIMIKYU,995,Y
Allister,gymleader,SPECIES_SINISTEA,1146,Y
Allister,gymleader,SPECIES_DREEPY,1177,Y
Allister,gymleader,SPECIES_CORSOLA_G,1225,Y
Allister,gymleader,SPECIES_YAMASK_G,1232,Y
Anabel,frontier,SPECIES_ABRA,63,Y
Anabel,frontier,SPECIES_EEVEE,133,Y
Anabel,frontier,SPECIES_MISDREAVUS,200,Y
Anabel,frontier,SPECIES_SNEASEL,215,Y
Anabel,frontier,SPECIES_RAIKOU,243,Y
Anabel,frontier,SPECIES_ENTEI,244,Y
Anabel,frontier,SPECIES_BAGON,395,Y
Anabel,frontier,SPECIES_BELDUM,398,Y
Anabel,frontier,SPECIES_LATIOS,408,Y
Anabel,frontier,SPECIES_MUNCHLAX,499,Y
Anabel,frontier,SPECIES_RIOLU,500,Y
Archer,villain,SPECIES_RATTATA,19,Y
Archer,villain,SPECIES_ZUBAT,41,Y
Archer,villain,SPECIES_PARAS,46,Y
Archer,villain,SPECIES_MEOWTH,52,Y
Archer,villain,SPECIES_BELLSPROUT,69,Y
Archer,villain,SPECIES_GRIMER,88,Y
Archer,villain,SPECIES_DROWZEE,96,Y
Archer,villain,SPECIES_VOLTORB,100,Y
Archer,villain,SPECIES_KOFFING,109,Y
Archer,villain,SPECIES_MISDREAVUS,200,Y
Archer,villain,SPECIES_REMORAID,223,Y
Archer,villain,SPECIES_HOUNDOUR,228,Y
Archer,villain,SPECIES_MAGBY,240,Y
Archer,villain,SPECIES_LARVITAR,246,Y
Archer,villain,SPECIES_WYNAUT,360,Y
Archie,villain,SPECIES_ZUBAT,41,Y
Archie,villain,SPECIES_TENTACOOL,72,Y
Archie,villain,SPECIES_GRIMER,88,Y
Archie,villain,SPECIES_POOCHYENA,286,Y
Archie,villain,SPECIES_CARVANHA,330,Y
Archie,villain,SPECIES_SPHEAL,341,Y
Archie,villain,SPECIES_KYOGRE,404,Y
Ariana,villain,SPECIES_RATTATA,19,Y
Ariana,villain,SPECIES_EKANS,23,Y
Ariana,villain,SPECIES_ZUBAT,41,Y
Ariana,villain,SPECIES_ODDISH,43,Y
Ariana,villain,SPECIES_BELLSPROUT,69,Y
Ariana,villain,SPECIES_GRIMER,88,Y
Ariana,villain,SPECIES_DROWZEE,96,Y
Ariana,villain,SPECIES_LICKITUNG,108,Y
Ariana,villain,SPECIES_KABUTO,140,Y
Ariana,villain,SPECIES_MURKROW,198,Y
Ariana,villain,SPECIES_SNEASEL,215,Y
Ariana,villain,SPECIES_SLUGMA,218,Y
Ash,anime,SPECIES_BULBASAUR,1,Y
Ash,anime,SPECIES_CHARMANDER,4,Y
Ash,anime,SPECIES_SQUIRTLE,7,Y
Ash,anime,SPECIES_CATERPIE,10,Y
Ash,anime,SPECIES_PIDGEY,16,Y
Ash,anime,SPECIES_RATTATA,19,Y
Ash,anime,SPECIES_MANKEY,56,Y
Ash,anime,SPECIES_GRIMER,88,Y
Ash,anime,SPECIES_GASTLY,92,Y
Ash,anime,SPECIES_KRABBY,98,Y
Ash,anime,SPECIES_TAUROS,128,Y
Ash,anime,SPECIES_LAPRAS,131,Y
Ash,anime,SPECIES_DRATINI,147,Y
Ash,anime,SPECIES_CHIKORITA,152,Y
Ash,anime,SPECIES_CYNDAQUIL,155,Y
Ash,anime,SPECIES_TOTODILE,158,Y
Ash,anime,SPECIES_HOOTHOOT,163,Y
Ash,anime,SPECIES_PICHU,172,Y
Ash,anime,SPECIES_AIPOM,190,Y
Ash,anime,SPECIES_GLIGAR,207,Y
Ash,anime,SPECIES_HERACROSS,214,Y
Ash,anime,SPECIES_PHANPY,231,Y
Ash,anime,SPECIES_LARVITAR,246,Y
Ash,anime,SPECIES_TREECKO,277,Y
Ash,anime,SPECIES_TAILLOW,304,Y
Ash,anime,SPECIES_TORKOAL,321,Y
Ash,anime,SPECIES_CORPHISH,326,Y
Ash,anime,SPECIES_SNORUNT,346,Y
Ash,anime,SPECIES_TURTWIG,440,Y
Ash,anime,SPECIES_CHIMCHAR,443,Y
Ash,anime,SPECIES_STARLY,449,Y
Ash,anime,SPECIES_BUIZEL,471,Y
Ash,anime,SPECIES_MIME_JR,492,Y
Ash,anime,SPECIES_MUNCHLAX,499,Y
Ash,anime,SPECIES_RIOLU,500,Y
Ash,anime,SPECIES_SNIVY,548,Y
Ash,anime,SPECIES_TEPIG,551,Y
Ash,anime,SPECIES_OSHAWOTT,554,Y
Ash,anime,SPECIES_PIDOVE,572,Y
Ash,anime,SPECIES_ROGGENROLA,577,Y
Ash,anime,SPECIES_TYMPOLE,588,Y
Ash,anime,SPECIES_SEWADDLE,593,Y
Ash,anime,SPECIES_SANDILE,604,Y
Ash,anime,SPECIES_SCRAGGY,612,Y
Ash,anime,SPECIES_FROAKIE,764,Y
Ash,anime,SPECIES_HAWLUCHA,809,Y
Ash,anime,SPECIES_GOOMY,812,Y
Ash,anime,SPECIES_NOIBAT,822,Y
Ash,anime,SPECIES_ROWLET,939,Y
Ash,anime,SPECIES_LITTEN,942,Y
Ash,anime,SPECIES_ROCKRUFF,961,Y
Ash,anime,SPECIES_COSMOG,1006,Y
Ash,anime,SPECIES_POIPOLE,1074,Y
Ash,anime,SPECIES_MELTAN,1083,Y
Ash,anime,SPECIES_DRACOVISH,1174,Y
Ash,anime,SPECIES_FARFETCHD_G,1217,Y
Barry,rival,SPECIES_PONYTA,77,Y
Barry,rival,SPECIES_HERACROSS,214,Y
Barry,rival,SPECIES_SKARMORY,227,Y
Barry,rival,SPECIES_TYROGUE,236,Y
Barry,rival,SPECIES_TURTWIG,440,Y
Barry,rival,SPECIES_CHIMCHAR,443,Y
Barry,rival,SPECIES_PIPLUP,446,Y
Barry,rival,SPECIES_STARLY,449,Y
Barry,rival,SPECIES_BUDEW,459,Y
Barry,rival,SPECIES_BUIZEL,471,Y
Barry,rival,SPECIES_MUNCHLAX,499,Y
Bea,gymleader,SPECIES_MACHOP,66,Y
Bea,gymleader,SPECIES_TYROGUE,236,Y
Bea,gymleader,SPECIES_THROH,591,Y
Bea,gymleader,SPECIES_SAWK,592,Y
Bea,gymleader,SPECIES_SCRAGGY,612,Y
Bea,gymleader,SPECIES_VANILLITE,635,Y
Bea,gymleader,SPECIES_PANCHAM,782,Y
Bea,gymleader,SPECIES_HAWLUCHA,809,Y
Bea,gymleader,SPECIES_CLOBBOPUS,1144,Y
Bea,gymleader,SPECIES_FALINKS,1162,Y
Bea,gymleader,SPECIES_FARFETCHD_G,1217,Y
Bede,rival,SPECIES_PONYTA,77,Y
Bede,rival,SPECIES_EEVEE,133,Y
Bede,rival,SPECIES_ARTICUNO,144,Y
Bede,rival,SPECIES_MAWILE,355,Y
Bede,rival,SPECIES_RALTS,392,Y
Bede,rival,SPECIES_REGIROCK,401,Y
Bede,rival,SPECIES_REGICE,402,Y
Bede,rival,SPECIES_REGISTEEL,403,Y
Bede,rival,SPECIES_GOTHITA,627,Y
Bede,rival,SPECIES_SOLOSIS,630,Y
Bede,rival,SPECIES_SOBBLE,1108,Y
Bede,rival,SPECIES_HATENNA,1148,Y
Beni,villain,SPECIES_MAGNEMITE,81,Y
Beni,villain,SPECIES_MISDREAVUS,200,Y
Beni,villain,SPECIES_RALTS,392,Y
Beni,villain,SPECIES_BUDEW,459,Y
Beni,villain,SPECIES_SNEASEL_H,1240,Y
Bertha,elite4,SPECIES_NIDORAN_M,32,Y
Bertha,elite4,SPECIES_GEODUDE,74,Y
Bertha,elite4,SPECIES_ONIX,95,Y
Bertha,elite4,SPECIES_RHYHORN,111,Y
Bertha,elite4,SPECIES_WOOPER,194,Y
Bertha,elite4,SPECIES_GLIGAR,207,Y
Bertha,elite4,SPECIES_SWINUB,220,Y
Bertha,elite4,SPECIES_PHANPY,231,Y
Bertha,elite4,SPECIES_BARBOACH,323,Y
Bertha,elite4,SPECIES_BONSLY,491,Y
Bertha,elite4,SPECIES_HIPPOPOTAS,502,Y
Bianca,rival,SPECIES_SNIVY,548,Y
Bianca,rival,SPECIES_TEPIG,551,Y
Bianca,rival,SPECIES_OSHAWOTT,554,Y
Bianca,rival,SPECIES_LILLIPUP,559,Y
Bianca,rival,SPECIES_PURRLOIN,562,Y
Bianca,rival,SPECIES_PANSAGE,564,Y
Bianca,rival,SPECIES_PANSEAR,566,Y
Bianca,rival,SPECIES_PANPOUR,568,Y
Bianca,rival,SPECIES_MUNNA,570,Y
Bianca,rival,SPECIES_AUDINO,584,Y
Bianca,rival,SPECIES_MINCCINO,625,Y
Bianca,rival,SPECIES_KARRABLAST,641,Y
Bianca,rival,SPECIES_LITWICK,660,Y
Bianca,rival,SPECIES_AXEW,663,Y
Bianca,rival,SPECIES_SHELMET,669,Y
Bianca,rival,SPECIES_MIENFOO,672,Y
Bianca,rival,SPECIES_VIRIZION,693,Y
Birch,professor,SPECIES_MAGIKARP,129,Y
Birch,professor,SPECIES_CHIKORITA,152,Y
Birch,professor,SPECIES_CYNDAQUIL,155,Y
Birch,professor,SPECIES_TOTODILE,158,Y
Birch,professor,SPECIES_TREECKO,277,Y
Birch,professor,SPECIES_TORCHIC,280,Y
Birch,professor,SPECIES_MUDKIP,283,Y
Birch,professor,SPECIES_ZIGZAGOON,288,Y
Birch,professor,SPECIES_LOTAD,295,Y
Birch,professor,SPECIES_SEEDOT,298,Y
Birch,professor,SPECIES_SHROOMISH,306,Y
Birch,professor,SPECIES_WAILMER,313,Y
Birch,professor,SPECIES_CARVANHA,330,Y
Birch,professor,SPECIES_TROPIUS,369,Y
Birch,professor,SPECIES_ARON,382,Y
Birch,professor,SPECIES_TURTWIG,440,Y
Birch,professor,SPECIES_CHIMCHAR,443,Y
Birch,professor,SPECIES_PIPLUP,446,Y
Birch,professor,SPECIES_SNIVY,548,Y
Birch,professor,SPECIES_TEPIG,551,Y
Birch,professor,SPECIES_OSHAWOTT,554,Y
Blaine,gymleader,SPECIES_CHARMANDER,4,Y
Blaine,gymleader,SPECIES_VULPIX,37,Y
Blaine,gymleader,SPECIES_ODDISH,43,Y
Blaine,gymleader,SPECIES_PARAS,46,Y
Blaine,gymleader,SPECIES_MEOWTH,52,Y
Blaine,gymleader,SPECIES_MANKEY,56,Y
Blaine,gymleader,SPECIES_GROWLITHE,58,Y
Blaine,gymleader,SPECIES_GEODUDE,74,Y
Blaine,gymleader,SPECIES_PONYTA,77,Y
Blaine,gymleader,SPECIES_VOLTORB,100,Y
Blaine,gymleader,SPECIES_RHYHORN,111,Y
Blaine,gymleader,SPECIES_TANGELA,114,Y
Blaine,gymleader,SPECIES_KANGASKHAN,115,Y
Blaine,gymleader,SPECIES_EEVEE,133,Y
Blaine,gymleader,SPECIES_ARTICUNO,144,Y
Blaine,gymleader,SPECIES_MOLTRES,146,Y
Blaine,gymleader,SPECIES_CLEFFA,173,Y
Blaine,gymleader,SPECIES_SLUGMA,218,Y
Blaine,gymleader,SPECIES_REMORAID,223,Y
Blaine,gymleader,SPECIES_HOUNDOUR,228,Y
Blaine,gymleader,SPECIES_MAGBY,240,Y
Blaine,gymleader,SPECIES_TORKOAL,321,Y
Blaine,gymleader,SPECIES_NUMEL,339,Y
Blaine,gymleader,SPECIES_MIME_JR,492,Y
Blaine,gymleader,SPECIES_HAPPINY,493,Y
Blaine,gymleader,SPECIES_ROTOM,532,Y
Blue,champion,SPECIES_BULBASAUR,1,Y
Blue,champion,SPECIES_CHARMANDER,4,Y
Blue,champion,SPECIES_SQUIRTLE,7,Y
Blue,champion,SPECIES_PIDGEY,16,Y
Blue,champion,SPECIES_SANDSHREW,27,Y
Blue,champion,SPECIES_VULPIX,37,Y
Blue,champion,SPECIES_GROWLITHE,58,Y
Blue,champion,SPECIES_ABRA,63,Y
Blue,champion,SPECIES_MACHOP,66,Y
Blue,champion,SPECIES_SLOWPOKE,79,Y
Blue,champion,SPECIES_MAGNEMITE,81,Y
Blue,champion,SPECIES_SHELLDER,90,Y
Blue,champion,SPECIES_GASTLY,92,Y
Blue,champion,SPECIES_EXEGGCUTE,102,Y
Blue,champion,SPECIES_RHYHORN,111,Y
Blue,champion,SPECIES_HORSEA,116,Y
Blue,champion,SPECIES_SCYTHER,123,Y
Blue,champion,SPECIES_PINSIR,127,Y
Blue,champion,SPECIES_TAUROS,128,Y
Blue,champion,SPECIES_MAGIKARP,129,Y
Blue,champion,SPECIES_EEVEE,133,Y
Blue,champion,SPECIES_AERODACTYL,142,Y
Blue,champion,SPECIES_ZAPDOS,145,Y
Blue,champion,SPECIES_CLEFFA,173,Y
Blue,champion,SPECIES_HERACROSS,214,Y
Blue,champion,SPECIES_SWINUB,220,Y
Blue,champion,SPECIES_HOUNDOUR,228,Y
Blue,champion,SPECIES_ELEKID,239,Y
Blue,champion,SPECIES_MILTANK,241,Y
Blue,champion,SPECIES_LARVITAR,246,Y
Brandon,frontier,SPECIES_ARTICUNO,144,Y
Brandon,frontier,SPECIES_ZAPDOS,145,Y
Brandon,frontier,SPECIES_MOLTRES,146,Y
Brandon,frontier,SPECIES_NINCADA,301,Y
Brandon,frontier,SPECIES_SOLROCK,349,Y
Brandon,frontier,SPECIES_DUSKULL,361,Y
Brandon,frontier,SPECIES_REGIROCK,401,Y
Brandon,frontier,SPECIES_REGICE,402,Y
Brandon,frontier,SPECIES_REGISTEEL,403,Y
Brandon,frontier,SPECIES_REGIGIGAS,539,Y
Brassius,anime,SPECIES_ODDISH,43,Y
Brassius,anime,SPECIES_SUNKERN,191,Y
Brassius,anime,SPECIES_SHROOMISH,306,Y
Brassius,anime,SPECIES_BONSLY,491,Y
Brassius,anime,SPECIES_PETILIL,601,Y
Brassius,anime,SPECIES_BOUNSWEET,978,Y
Brawly,gymleader,SPECIES_MACHOP,66,Y
Brawly,gymleader,SPECIES_HERACROSS,214,Y
Brawly,gymleader,SPECIES_TYROGUE,236,Y
Brawly,gymleader,SPECIES_SHROOMISH,306,Y
Brawly,gymleader,SPECIES_SABLEYE,322,Y
Brawly,gymleader,SPECIES_MAKUHITA,335,Y
Brawly,gymleader,SPECIES_MEDITITE,356,Y
Brawly,gymleader,SPECIES_SCRAGGY,612,Y
Brawly,gymleader,SPECIES_MIENFOO,672,Y
Brendan,protagonist,SPECIES_RHYHORN,111,Y
Brendan,protagonist,SPECIES_PICHU,172,Y
Brendan,protagonist,SPECIES_SLUGMA,218,Y
Brendan,protagonist,SPECIES_TREECKO,277,Y
Brendan,protagonist,SPECIES_TORCHIC,280,Y
Brendan,protagonist,SPECIES_MUDKIP,283,Y
Brendan,protagonist,SPECIES_LOTAD,295,Y
Brendan,protagonist,SPECIES_SEEDOT,298,Y
Brendan,protagonist,SPECIES_TAILLOW,304,Y
Brendan,protagonist,SPECIES_SHROOMISH,306,Y
Brendan,protagonist,SPECIES_WINGULL,309,Y
Brendan,protagonist,SPECIES_WAILMER,313,Y
Brendan,protagonist,SPECIES_BALTOY,318,Y
Brendan,protagonist,SPECIES_NUMEL,339,Y
Brendan,protagonist,SPECIES_TROPIUS,369,Y
Brendan,protagonist,SPECIES_WHISMUR,370,Y
Brendan,protagonist,SPECIES_ARON,382,Y
Brendan,protagonist,SPECIES_GROUDON,405,Y
Brendan,protagonist,SPECIES_LATIOS,408,Y
Brock,gymleader,SPECIES_VULPIX,37,Y
Brock,gymleader,SPECIES_ZUBAT,41,Y
Brock,gymleader,SPECIES_ODDISH,43,Y
Brock,gymleader,SPECIES_DIGLETT,50,Y
Brock,gymleader,SPECIES_GEODUDE,74,Y
Brock,gymleader,SPECIES_SLOWPOKE,79,Y
Brock,gymleader,SPECIES_ONIX,95,Y
Brock,gymleader,SPECIES_CUBONE,104,Y
Brock,gymleader,SPECIES_RHYHORN,111,Y
Brock,gymleader,SPECIES_PINSIR,127,Y
Brock,gymleader,SPECIES_OMANYTE,138,Y
Brock,gymleader,SPECIES_KABUTO,140,Y
Brock,gymleader,SPECIES_AERODACTYL,142,Y
Brock,gymleader,SPECIES_PICHU,172,Y
Brock,gymleader,SPECIES_PINECO,204,Y
Brock,gymleader,SPECIES_SHUCKLE,213,Y
Brock,gymleader,SPECIES_HERACROSS,214,Y
Brock,gymleader,SPECIES_TEDDIURSA,216,Y
Brock,gymleader,SPECIES_LARVITAR,246,Y
Brock,gymleader,SPECIES_MUDKIP,283,Y
Brock,gymleader,SPECIES_LOTAD,295,Y
Brock,gymleader,SPECIES_RELICANTH,381,Y
Brock,gymleader,SPECIES_CRANIDOS,461,Y
Brock,gymleader,SPECIES_BONSLY,491,Y
Brock,gymleader,SPECIES_HAPPINY,493,Y
Brock,gymleader,SPECIES_CROAGUNK,506,Y
Brock,gymleader,SPECIES_COMFEY,981,Y
Bruno,elite4,SPECIES_SQUIRTLE,7,Y
Bruno,elite4,SPECIES_MANKEY,56,Y
Bruno,elite4,SPECIES_POLIWAG,60,Y
Bruno,elite4,SPECIES_MACHOP,66,Y
Bruno,elite4,SPECIES_GEODUDE,74,Y
Bruno,elite4,SPECIES_SLOWPOKE,79,Y
Bruno,elite4,SPECIES_GRIMER,88,Y
Bruno,elite4,SPECIES_SHELLDER,90,Y
Bruno,elite4,SPECIES_ONIX,95,Y
Bruno,elite4,SPECIES_EXEGGCUTE,102,Y
Bruno,elite4,SPECIES_RHYHORN,111,Y
Bruno,elite4,SPECIES_KANGASKHAN,115,Y
Bruno,elite4,SPECIES_CLEFFA,173,Y
Bruno,elite4,SPECIES_SNUBBULL,209,Y
Bruno,elite4,SPECIES_HERACROSS,214,Y
Bruno,elite4,SPECIES_TEDDIURSA,216,Y
Bruno,elite4,SPECIES_TYROGUE,236,Y
Bruno,elite4,SPECIES_MAKUHITA,335,Y
Bruno,elite4,SPECIES_RIOLU,500,Y
Brycen,gymleader,SPECIES_SEEL,86,Y
Brycen,gymleader,SPECIES_SNEASEL,215,Y
Brycen,gymleader,SPECIES_SPHEAL,341,Y
Brycen,gymleader,SPECIES_ZORUA,623,Y
Brycen,gymleader,SPECIES_VANILLITE,635,Y
Brycen,gymleader,SPECIES_CUBCHOO,666,Y
Brycen,gymleader,SPECIES_CRYOGONAL,668,Y
Bugsy,gymleader,SPECIES_CATERPIE,10,Y
Bugsy,gymleader,SPECIES_WEEDLE,13,Y
Bugsy,gymleader,SPECIES_RATTATA,19,Y
Bugsy,gymleader,SPECIES_BELLSPROUT,69,Y
Bugsy,gymleader,SPECIES_SCYTHER,123,Y
Bugsy,gymleader,SPECIES_PINSIR,127,Y
Bugsy,gymleader,SPECIES_SPINARAK,167,Y
Bugsy,gymleader,SPECIES_YANMA,193,Y
Bugsy,gymleader,SPECIES_WOOPER,194,Y
Bugsy,gymleader,SPECIES_UNOWN,201,Y
Bugsy,gymleader,SPECIES_PINECO,204,Y
Bugsy,gymleader,SPECIES_SHUCKLE,213,Y
Bugsy,gymleader,SPECIES_HERACROSS,214,Y
Bugsy,gymleader,SPECIES_LARVITAR,246,Y
Bugsy,gymleader,SPECIES_NINCADA,301,Y
Bugsy,gymleader,SPECIES_ANORITH,390,Y
Bugsy,gymleader,SPECIES_KRICKETOT,454,Y
Bugsy,gymleader,SPECIES_COMBEE,468,Y
Bugsy,gymleader,SPECIES_BONSLY,491,Y
Burgh,gymleader,SPECIES_TOGEPI,175,Y
Burgh,gymleader,SPECIES_HERACROSS,214,Y
Burgh,gymleader,SPECIES_COMBEE,468,Y
Burgh,gymleader,SPECIES_SEWADDLE,593,Y
Burgh,gymleader,SPECIES_VENIPEDE,596,Y
Burgh,gymleader,SPECIES_DWEBBLE,610,Y
Burgh,gymleader,SPECIES_KARRABLAST,641,Y
Burgh,gymleader,SPECIES_SHELMET,669,Y
Burgh,gymleader,SPECIES_DURANT,685,Y
Burnet,professor,SPECIES_MUNCHLAX,499,Y
Byron,gymleader,SPECIES_MAGNEMITE,81,Y
Byron,gymleader,SPECIES_ONIX,95,Y
Byron,gymleader,SPECIES_SCYTHER,123,Y
Byron,gymleader,SPECIES_OMANYTE,138,Y
Byron,gymleader,SPECIES_KABUTO,140,Y
Byron,gymleader,SPECIES_MOLTRES,146,Y
Byron,gymleader,SPECIES_PINECO,204,Y
Byron,gymleader,SPECIES_SKARMORY,227,Y
Byron,gymleader,SPECIES_WINGULL,309,Y
Byron,gymleader,SPECIES_ARON,382,Y
Byron,gymleader,SPECIES_LILEEP,388,Y
Byron,gymleader,SPECIES_ANORITH,390,Y
Byron,gymleader,SPECIES_BELDUM,398,Y
Byron,gymleader,SPECIES_PIPLUP,446,Y
Byron,gymleader,SPECIES_SHIELDON,463,Y
Byron,gymleader,SPECIES_BRONZOR,489,Y
Byron,gymleader,SPECIES_HEATRAN,538,Y
Byron,gymleader,SPECIES_DRILBUR,582,Y
Caitlin,elite4,SPECIES_ABRA,63,Y
Caitlin,elite4,SPECIES_SABLEYE,322,Y
Caitlin,elite4,SPECIES_RALTS,392,Y
Caitlin,elite4,SPECIES_BELDUM,398,Y
Caitlin,elite4,SPECIES_BRONZOR,489,Y
Caitlin,elite4,SPECIES_MUNNA,570,Y
Caitlin,elite4,SPECIES_SIGILYPH,614,Y
Caitlin,elite4,SPECIES_GOTHITA,627,Y
Caitlin,elite4,SPECIES_SOLOSIS,630,Y
Calem,anime,SPECIES_CHARMANDER,4,Y
Calem,anime,SPECIES_EEVEE,133,Y
Calem,anime,SPECIES_CLEFFA,173,Y
Calem,anime,SPECIES_SWABLU,358,Y
Calem,anime,SPECIES_ABSOL,376,Y
Calem,anime,SPECIES_CHESPIN,758,Y
Calem,anime,SPECIES_FENNEKIN,761,Y
Calem,anime,SPECIES_FROAKIE,764,Y
Calem,anime,SPECIES_BUNNELBY,767,Y
Calem,anime,SPECIES_FLETCHLING,769,Y
Calem,anime,SPECIES_ESPURR,785,Y
Calem,anime,SPECIES_XERNEAS,824,Y
Calem,anime,SPECIES_YVELTAL,825,Y
Candice,gymleader,SPECIES_DODUO,84,Y
Candice,gymleader,SPECIES_EEVEE,133,Y
Candice,gymleader,SPECIES_SNEASEL,215,Y
Candice,gymleader,SPECIES_SWINUB,220,Y
Candice,gymleader,SPECIES_SMOOCHUM,238,Y
Candice,gymleader,SPECIES_SNORUNT,346,Y
Candice,gymleader,SPECIES_MEDITITE,356,Y
Candice,gymleader,SPECIES_REGIROCK,401,Y
Candice,gymleader,SPECIES_REGICE,402,Y
Candice,gymleader,SPECIES_REGISTEEL,403,Y
Candice,gymleader,SPECIES_SNOVER,512,Y
Candice,gymleader,SPECIES_DARUMAKA,607,Y
Cerise,professor,SPECIES_BULBASAUR,1,Y
Cerise,professor,SPECIES_CHARMANDER,4,Y
Cerise,professor,SPECIES_SQUIRTLE,7,Y
Cerise,professor,SPECIES_CLEFFA,173,Y
Cerise,professor,SPECIES_PIPLUP,446,Y
Cerise,professor,SPECIES_ROTOM,532,Y
Cerise,professor,SPECIES_YAMPER,1127,Y
Cheren,gymleader,SPECIES_LICKITUNG,108,Y
Cheren,gymleader,SPECIES_PORYGON,137,Y
Cheren,gymleader,SPECIES_ZANGOOSE,380,Y
Cheren,gymleader,SPECIES_CASTFORM,385,Y
Cheren,gymleader,SPECIES_BUNEARY,480,Y
Cheren,gymleader,SPECIES_SNIVY,548,Y
Cheren,gymleader,SPECIES_TEPIG,551,Y
Cheren,gymleader,SPECIES_OSHAWOTT,554,Y
Cheren,gymleader,SPECIES_PATRAT,557,Y
Cheren,gymleader,SPECIES_LILLIPUP,559,Y
Cheren,gymleader,SPECIES_PURRLOIN,562,Y
Cheren,gymleader,SPECIES_PANSAGE,564,Y
Cheren,gymleader,SPECIES_PANSEAR,566,Y
Cheren,gymleader,SPECIES_PANPOUR,568,Y
Cheren,gymleader,SPECIES_PIDOVE,572,Y
Cheren,gymleader,SPECIES_ROGGENROLA,577,Y
Cheren,gymleader,SPECIES_BASCULIN_RED,603,Y
Cheren,gymleader,SPECIES_MINCCINO,625,Y
Cheren,gymleader,SPECIES_AXEW,663,Y
Cheren,gymleader,SPECIES_CUBCHOO,666,Y
Cheren,gymleader,SPECIES_PAWNIARD,677,Y
Cheren,gymleader,SPECIES_BOUFFALANT,679,Y
Cheren,gymleader,SPECIES_TORNADUS,694,Y
Chili,gymleader,SPECIES_GROWLITHE,58,Y
Chili,gymleader,SPECIES_MAGBY,240,Y
Chili,gymleader,SPECIES_NUMEL,339,Y
Chili,gymleader,SPECIES_TEPIG,551,Y
Chili,gymleader,SPECIES_LILLIPUP,559,Y
Chili,gymleader,SPECIES_PANSEAR,566,Y
Chili,gymleader,SPECIES_DARUMAKA,607,Y
Chili,gymleader,SPECIES_HEATMOR,684,Y
Chloe,anime,SPECIES_PONYTA,77,Y
Chloe,anime,SPECIES_EEVEE,133,Y
Chloe,anime,SPECIES_ROTOM,532,Y
Chloe,anime,SPECIES_PIDOVE,572,Y
Chloe,anime,SPECIES_YAMPER,1127,Y
Chuck,gymleader,SPECIES_SANDSHREW,27,Y
Chuck,gymleader,SPECIES_MANKEY,56,Y
Chuck,gymleader,SPECIES_POLIWAG,60,Y
Chuck,gymleader,SPECIES_MACHOP,66,Y
Chuck,gymleader,SPECIES_DROWZEE,96,Y
Chuck,gymleader,SPECIES_MAREEP,179,Y
Chuck,gymleader,SPECIES_SNUBBULL,209,Y
Chuck,gymleader,SPECIES_TEDDIURSA,216,Y
Chuck,gymleader,SPECIES_TYROGUE,236,Y
Chuck,gymleader,SPECIES_SHROOMISH,306,Y
Chuck,gymleader,SPECIES_MEDITITE,356,Y
Chuck,gymleader,SPECIES_TIMBURR,585,Y
Cilan,gymleader,SPECIES_HOPPIP,187,Y
Cilan,gymleader,SPECIES_SNIVY,548,Y
Cilan,gymleader,SPECIES_LILLIPUP,559,Y
Cilan,gymleader,SPECIES_PANSAGE,564,Y
Cilan,gymleader,SPECIES_COTTONEE,599,Y
Cilan,gymleader,SPECIES_PETILIL,601,Y
Cilan,gymleader,SPECIES_BASCULIN_RED,603,Y
Cilan,gymleader,SPECIES_MARACTUS,609,Y
Cilan,gymleader,SPECIES_DWEBBLE,610,Y
Cilan,gymleader,SPECIES_FERROSEED,650,Y
Cilan,gymleader,SPECIES_STUNFISK,671,Y
Clair,gymleader,SPECIES_CHARMANDER,4,Y
Clair,gymleader,SPECIES_NIDORAN_M,32,Y
Clair,gymleader,SPECIES_GROWLITHE,58,Y
Clair,gymleader,SPECIES_RHYHORN,111,Y
Clair,gymleader,SPECIES_HORSEA,116,Y
Clair,gymleader,SPECIES_MAGIKARP,129,Y
Clair,gymleader,SPECIES_LAPRAS,131,Y
Clair,gymleader,SPECIES_AERODACTYL,142,Y
Clair,gymleader,SPECIES_DRATINI,147,Y
Clair,gymleader,SPECIES_MAREEP,179,Y
Clair,gymleader,SPECIES_SWABLU,358,Y
Clair,gymleader,SPECIES_BAGON,395,Y
Clair,gymleader,SPECIES_GIBLE,496,Y
Clair,gymleader,SPECIES_DRUDDIGON,674,Y
Clair,gymleader,SPECIES_DRAMPA,997,Y
Clay,gymleader,SPECIES_SANDSHREW,27,Y
Clay,gymleader,SPECIES_ONIX,95,Y
Clay,gymleader,SPECIES_SWINUB,220,Y
Clay,gymleader,SPECIES_BALTOY,318,Y
Clay,gymleader,SPECIES_TRAPINCH,332,Y
Clay,gymleader,SPECIES_DRILBUR,582,Y
Clay,gymleader,SPECIES_TYMPOLE,588,Y
Clay,gymleader,SPECIES_SANDILE,604,Y
Clay,gymleader,SPECIES_GOLETT,675,Y
Clemont,gymleader,SPECIES_MAGNEMITE,81,Y
Clemont,gymleader,SPECIES_VOLTORB,100,Y
Clemont,gymleader,SPECIES_MAREEP,179,Y
Clemont,gymleader,SPECIES_ELECTRIKE,337,Y
Clemont,gymleader,SPECIES_SHINX,456,Y
Clemont,gymleader,SPECIES_PACHIRISU,470,Y
Clemont,gymleader,SPECIES_EMOLGA,640,Y
Clemont,gymleader,SPECIES_STUNFISK,671,Y
Clemont,gymleader,SPECIES_CHESPIN,758,Y
Clemont,gymleader,SPECIES_BUNNELBY,767,Y
Clemont,gymleader,SPECIES_HELIOPTILE,802,Y
Clemont,gymleader,SPECIES_DEDENNE,810,Y
Cogita,other,SPECIES_ENAMORUS,1258,Y
Colress,villain,SPECIES_MAGNEMITE,81,Y
Colress,villain,SPECIES_GRIMER,88,Y
Colress,villain,SPECIES_VOLTORB,100,Y
Colress,villain,SPECIES_PORYGON,137,Y
Colress,villain,SPECIES_BELDUM,398,Y
Colress,villain,SPECIES_ROTOM,532,Y
Colress,villain,SPECIES_KLINK,652,Y
Colress,villain,SPECIES_ELGYEM,658,Y
Colress,villain,SPECIES_GENESECT,702,Y
Crasher Wake,gymleader,SPECIES_POLIWAG,60,Y
Crasher Wake,gymleader,SPECIES_HORSEA,116,Y
Crasher Wake,gymleader,SPECIES_SCYTHER,123,Y
Crasher Wake,gymleader,SPECIES_MAGIKARP,129,Y
Crasher Wake,gymleader,SPECIES_WOOPER,194,Y
Crasher Wake,gymleader,SPECIES_SUICUNE,245,Y
Crasher Wake,gymleader,SPECIES_MUDKIP,283,Y
Crasher Wake,gymleader,SPECIES_LOTAD,295,Y
Crasher Wake,gymleader,SPECIES_WINGULL,309,Y
Crasher Wake,gymleader,SPECIES_CARVANHA,330,Y
Crasher Wake,gymleader,SPECIES_CLAMPERL,373,Y
Crasher Wake,gymleader,SPECIES_ANORITH,390,Y
Crasher Wake,gymleader,SPECIES_PIPLUP,446,Y
Crasher Wake,gymleader,SPECIES_BUIZEL,471,Y
Crasher Wake,gymleader,SPECIES_SHELLOS,475,Y
Crasher Wake,gymleader,SPECIES_FINNEON,509,Y
Cress,gymleader,SPECIES_PSYDUCK,54,Y
Cress,gymleader,SPECIES_SLOWPOKE,79,Y
Cress,gymleader,SPECIES_CORPHISH,326,Y
Cress,gymleader,SPECIES_AZURILL,350,Y
Cress,gymleader,SPECIES_BUIZEL,471,Y
Cress,gymleader,SPECIES_OSHAWOTT,554,Y
Cress,gymleader,SPECIES_LILLIPUP,559,Y
Cress,gymleader,SPECIES_PANPOUR,568,Y
Cress,gymleader,SPECIES_TYMPOLE,588,Y
Cress,gymleader,SPECIES_BASCULIN_RED,603,Y
Cynthia,champion,SPECIES_EEVEE,133,Y
Cynthia,champion,SPECIES_PORYGON,137,Y
Cynthia,champion,SPECIES_TOGEPI,175,Y
Cynthia,champion,SPECIES_FEEBAS,328,Y
Cynthia,champion,SPECIES_BUDEW,459,Y
Cynthia,champion,SPECIES_SHELLOS,475,Y
Cynthia,champion,SPECIES_SPIRITOMB,495,Y
Cynthia,champion,SPECIES_GIBLE,496,Y
Cynthia,champion,SPECIES_RIOLU,500,Y
Cynthia,champion,SPECIES_GIRATINA,540,Y
Cynthia,champion,SPECIES_TYNAMO,655,Y
Cynthia,champion,SPECIES_RUFFLET,680,Y
Cynthia,champion,SPECIES_JANGMO_O,999,Y
Cyrus,villain,SPECIES_ZUBAT,41,Y
Cyrus,villain,SPECIES_MAGNEMITE,81,Y
Cyrus,villain,SPECIES_MAGIKARP,129,Y
Cyrus,villain,SPECIES_MURKROW,198,Y
Cyrus,villain,SPECIES_SNEASEL,215,Y
Cyrus,villain,SPECIES_HOUNDOUR,228,Y
Cyrus,villain,SPECIES_ENTEI,244,Y
Cyrus,villain,SPECIES_NOSEPASS,320,Y
Cyrus,villain,SPECIES_BAGON,395,Y
Cyrus,villain,SPECIES_ROTOM,532,Y
Cyrus,villain,SPECIES_DIALGA,536,Y
Cyrus,villain,SPECIES_PALKIA,537,Y
Cyrus,villain,SPECIES_DARKRAI,544,Y
Dahlia,frontier,SPECIES_ZAPDOS,145,Y
Dahlia,frontier,SPECIES_TOGEPI,175,Y
Dahlia,frontier,SPECIES_TORCHIC,280,Y
Dahlia,frontier,SPECIES_LOTAD,295,Y
Dahlia,frontier,SPECIES_MEDITITE,356,Y
Dahlia,frontier,SPECIES_DUSKULL,361,Y
Darach,frontier,SPECIES_HOUNDOUR,228,Y
Darach,frontier,SPECIES_ENTEI,244,Y
Darach,frontier,SPECIES_RALTS,392,Y
Darach,frontier,SPECIES_PIPLUP,446,Y
Darach,frontier,SPECIES_STARLY,449,Y
Dawn,protagonist,SPECIES_SQUIRTLE,7,Y
Dawn,protagonist,SPECIES_ZUBAT,41,Y
Dawn,protagonist,SPECIES_ODDISH,43,Y
Dawn,protagonist,SPECIES_GROWLITHE,58,Y
Dawn,protagonist,SPECIES_ABRA,63,Y
Dawn,protagonist,SPECIES_LICKITUNG,108,Y
Dawn,protagonist,SPECIES_TANGELA,114,Y
Dawn,protagonist,SPECIES_CYNDAQUIL,155,Y
Dawn,protagonist,SPECIES_CLEFFA,173,Y
Dawn,protagonist,SPECIES_TOGEPI,175,Y
Dawn,protagonist,SPECIES_AIPOM,190,Y
Dawn,protagonist,SPECIES_MURKROW,198,Y
Dawn,protagonist,SPECIES_SWINUB,220,Y
Dawn,protagonist,SPECIES_MAGBY,240,Y
Dawn,protagonist,SPECIES_TREECKO,277,Y
Dawn,protagonist,SPECIES_FEEBAS,328,Y
Dawn,protagonist,SPECIES_SNORUNT,346,Y
Dawn,protagonist,SPECIES_CLAMPERL,373,Y
Dawn,protagonist,SPECIES_TURTWIG,440,Y
Dawn,protagonist,SPECIES_CHIMCHAR,443,Y
Dawn,protagonist,SPECIES_PIPLUP,446,Y
Dawn,protagonist,SPECIES_BIDOOF,452,Y
Dawn,protagonist,SPECIES_BURMY,465,Y
Dawn,protagonist,SPECIES_PACHIRISU,470,Y
Dawn,protagonist,SPECIES_BUIZEL,471,Y
Dawn,protagonist,SPECIES_BUNEARY,480,Y
Dawn,protagonist,SPECIES_MIME_JR,492,Y
Dawn,protagonist,SPECIES_CRESSELIA,541,Y
Dawn,protagonist,SPECIES_OSHAWOTT,554,Y
Dawn,protagonist,SPECIES_ORICORIO,958,Y
Dawn,protagonist,SPECIES_MILCERY,1160,Y
Diantha,champion,SPECIES_RALTS,392,Y
Diantha,champion,SPECIES_KELDEO,700,Y
Diantha,champion,SPECIES_TYRUNT,804,Y
Diantha,champion,SPECIES_AMAURA,806,Y
Diantha,champion,SPECIES_HAWLUCHA,809,Y
Diantha,champion,SPECIES_GOOMY,812,Y
Diantha,champion,SPECIES_PUMPKABOO,818,Y
Diantha,champion,SPECIES_DIANCIE,827,Y
Drake,elite4,SPECIES_HORSEA,116,Y
Drake,elite4,SPECIES_TRAPINCH,332,Y
Drake,elite4,SPECIES_SWABLU,358,Y
Drake,elite4,SPECIES_BAGON,395,Y
Drake,elite4,SPECIES_AXEW,663,Y
Drake,elite4,SPECIES_SKRELP,798,Y
Drasna,elite4,SPECIES_SWABLU,358,Y
Drasna,elite4,SPECIES_DRUDDIGON,674,Y
Drasna,elite4,SPECIES_SKRELP,798,Y
Drasna,elite4,SPECIES_NOIBAT,822,Y
Drayden,gymleader,SPECIES_TRAPINCH,332,Y
Drayden,gymleader,SPECIES_SWABLU,358,Y
Drayden,gymleader,SPECIES_BAGON,395,Y
Drayden,gymleader,SPECIES_AXEW,663,Y
Drayden,gymleader,SPECIES_DRUDDIGON,674,Y
Drayden,gymleader,SPECIES_DEINO,686,Y
Drew,anime,SPECIES_CATERPIE,10,Y
Drew,anime,SPECIES_SURSKIT,311,Y
Drew,anime,SPECIES_TRAPINCH,332,Y
Drew,anime,SPECIES_ABSOL,376,Y
Drew,anime,SPECIES_BUDEW,459,Y
Elesa,gymleader,SPECIES_TOGEPI,175,Y
Elesa,gymleader,SPECIES_MAREEP,179,Y
Elesa,gymleader,SPECIES_SHINX,456,Y
Elesa,gymleader,SPECIES_ROTOM,532,Y
Elesa,gymleader,SPECIES_BLITZLE,575,Y
Elesa,gymleader,SPECIES_EMOLGA,640,Y
Elesa,gymleader,SPECIES_JOLTIK,648,Y
Elesa,gymleader,SPECIES_TYNAMO,655,Y
Elesa,gymleader,SPECIES_STUNFISK,671,Y
Elesa,gymleader,SPECIES_THUNDURUS,695,Y
Elio,anime,SPECIES_EEVEE,133,Y
Elio,anime,SPECIES_ROTOM,532,Y
Elio,anime,SPECIES_ROWLET,939,Y
Elio,anime,SPECIES_LITTEN,942,Y
Elio,anime,SPECIES_POPPLIO,945,Y
Elio,anime,SPECIES_ROCKRUFF,961,Y
Elio,anime,SPECIES_TYPE_NULL,989,Y
Elio,anime,SPECIES_COSMOG,1006,Y
Elio,anime,SPECIES_NIHILEGO,1010,Y
Elio,anime,SPECIES_BUZZWOLE,1011,Y
Elio,anime,SPECIES_PHEROMOSA,1012,Y
Elio,anime,SPECIES_XURKITREE,1013,Y
Elio,anime,SPECIES_CELESTEELA,1014,Y
Elio,anime,SPECIES_KARTANA,1015,Y
Elio,anime,SPECIES_GUZZLORD,1016,Y
Elio,anime,SPECIES_NECROZMA,1017,Y
Elio,anime,SPECIES_STAKATAKA,1076,Y
Elm,professor,SPECIES_CHIKORITA,152,Y
Elm,professor,SPECIES_CYNDAQUIL,155,Y
Elm,professor,SPECIES_TOTODILE,158,Y
Elm,professor,SPECIES_SENTRET,161,Y
Elm,professor,SPECIES_TOGEPI,175,Y
Elm,professor,SPECIES_CORSOLA,222,Y
Elm,professor,SPECIES_LARVITAR,246,Y
Elm,professor,SPECIES_BONSLY,491,Y
Erika,gymleader,SPECIES_BULBASAUR,1,Y
Erika,gymleader,SPECIES_VULPIX,37,Y
Erika,gymleader,SPECIES_ODDISH,43,Y
Erika,gymleader,SPECIES_PARAS,46,Y
Erika,gymleader,SPECIES_BELLSPROUT,69,Y
Erika,gymleader,SPECIES_SEEL,86,Y
Erika,gymleader,SPECIES_EXEGGCUTE,102,Y
Erika,gymleader,SPECIES_CUBONE,104,Y
Erika,gymleader,SPECIES_TANGELA,114,Y
Erika,gymleader,SPECIES_EEVEE,133,Y
Erika,gymleader,SPECIES_CLEFFA,173,Y
Erika,gymleader,SPECIES_HOPPIP,187,Y
Erika,gymleader,SPECIES_SEEDOT,298,Y
Erika,gymleader,SPECIES_LILEEP,388,Y
Erika,gymleader,SPECIES_BUDEW,459,Y
Erika,gymleader,SPECIES_HAPPINY,493,Y
Erika,gymleader,SPECIES_MANTYKE,511,Y
Erika,gymleader,SPECIES_SNOVER,512,Y
Erika,gymleader,SPECIES_COTTONEE,599,Y
Erika,gymleader,SPECIES_PETILIL,601,Y
Erika,gymleader,SPECIES_FOMANTIS,970,Y
Erika,gymleader,SPECIES_COMFEY,981,Y
Ethan,protagonist,SPECIES_BULBASAUR,1,Y
Ethan,protagonist,SPECIES_RATTATA,19,Y
Ethan,protagonist,SPECIES_TANGELA,114,Y
Ethan,protagonist,SPECIES_TAUROS,128,Y
Ethan,protagonist,SPECIES_PORYGON,137,Y
Ethan,protagonist,SPECIES_CHIKORITA,152,Y
Ethan,protagonist,SPECIES_CYNDAQUIL,155,Y
Ethan,protagonist,SPECIES_TOTODILE,158,Y
Ethan,protagonist,SPECIES_PHANPY,231,Y
Ethan,protagonist,SPECIES_RAIKOU,243,Y
Ethan,protagonist,SPECIES_LUGIA,249,Y
Ethan,protagonist,SPECIES_HO_OH,250,Y
Ethan,protagonist,SPECIES_AZURILL,350,Y
Falkner,gymleader,SPECIES_CHARMANDER,4,Y
Falkner,gymleader,SPECIES_PIDGEY,16,Y
Falkner,gymleader,SPECIES_SPEAROW,21,Y
Falkner,gymleader,SPECIES_ZUBAT,41,Y
Falkner,gymleader,SPECIES_FARFETCHD,83,Y
Falkner,gymleader,SPECIES_DODUO,84,Y
Falkner,gymleader,SPECIES_AERODACTYL,142,Y
Falkner,gymleader,SPECIES_ARTICUNO,144,Y
Falkner,gymleader,SPECIES_ZAPDOS,145,Y
Falkner,gymleader,SPECIES_HOOTHOOT,163,Y
Falkner,gymleader,SPECIES_TOGEPI,175,Y
Falkner,gymleader,SPECIES_NATU,177,Y
Falkner,gymleader,SPECIES_MURKROW,198,Y
Falkner,gymleader,SPECIES_GLIGAR,207,Y
Falkner,gymleader,SPECIES_DELIBIRD,225,Y
Falkner,gymleader,SPECIES_SKARMORY,227,Y
Falkner,gymleader,SPECIES_LUGIA,249,Y
Falkner,gymleader,SPECIES_TAILLOW,304,Y
Falkner,gymleader,SPECIES_WINGULL,309,Y
Falkner,gymleader,SPECIES_STARLY,449,Y
Fantina,gymleader,SPECIES_GASTLY,92,Y
Fantina,gymleader,SPECIES_DRATINI,147,Y
Fantina,gymleader,SPECIES_MISDREAVUS,200,Y
Fantina,gymleader,SPECIES_NINCADA,301,Y
Fantina,gymleader,SPECIES_SABLEYE,322,Y
Fantina,gymleader,SPECIES_CORPHISH,326,Y
Fantina,gymleader,SPECIES_SNORUNT,346,Y
Fantina,gymleader,SPECIES_DUSKULL,361,Y
Fantina,gymleader,SPECIES_SHUPPET,377,Y
Fantina,gymleader,SPECIES_DRIFLOON,478,Y
Fantina,gymleader,SPECIES_SPIRITOMB,495,Y
Fantina,gymleader,SPECIES_ROTOM,532,Y
Fantina,gymleader,SPECIES_GIRATINA,540,Y
Fantina,gymleader,SPECIES_FRILLISH,645,Y
Flannery,gymleader,SPECIES_VULPIX,37,Y
Flannery,gymleader,SPECIES_GROWLITHE,58,Y
Flannery,gymleader,SPECIES_PONYTA,77,Y
Flannery,gymleader,SPECIES_SLUGMA,218,Y
Flannery,gymleader,SPECIES_HOUNDOUR,228,Y
Flannery,gymleader,SPECIES_MAGBY,240,Y
Flannery,gymleader,SPECIES_TORCHIC,280,Y
Flannery,gymleader,SPECIES_TORKOAL,321,Y
Flannery,gymleader,SPECIES_NUMEL,339,Y
Flannery,gymleader,SPECIES_LITWICK,660,Y
Flint,elite4,SPECIES_VULPIX,37,Y
Flint,elite4,SPECIES_GROWLITHE,58,Y
Flint,elite4,SPECIES_PONYTA,77,Y
Flint,elite4,SPECIES_ONIX,95,Y
Flint,elite4,SPECIES_EEVEE,133,Y
Flint,elite4,SPECIES_HOUNDOUR,228,Y
Flint,elite4,SPECIES_ELEKID,239,Y
Flint,elite4,SPECIES_MAGBY,240,Y
Flint,elite4,SPECIES_ENTEI,244,Y
Flint,elite4,SPECIES_TORCHIC,280,Y
Flint,elite4,SPECIES_CHIMCHAR,443,Y
Flint,elite4,SPECIES_SHINX,456,Y
Flint,elite4,SPECIES_DRIFLOON,478,Y
Flint,elite4,SPECIES_BUNEARY,480,Y
Flint,elite4,SPECIES_ROTOM,532,Y
Gardenia,gymleader,SPECIES_BULBASAUR,1,Y
Gardenia,gymleader,SPECIES_VULPIX,37,Y
Gardenia,gymleader,SPECIES_ODDISH,43,Y
Gardenia,gymleader,SPECIES_BELLSPROUT,69,Y
Gardenia,gymleader,SPECIES_TANGELA,114,Y
Gardenia,gymleader,SPECIES_EEVEE,133,Y
Gardenia,gymleader,SPECIES_HOPPIP,187,Y
Gardenia,gymleader,SPECIES_SUNKERN,191,Y
Gardenia,gymleader,SPECIES_SEEDOT,298,Y
Gardenia,gymleader,SPECIES_SHROOMISH,306,Y
Gardenia,gymleader,SPECIES_FEEBAS,328,Y
Gardenia,gymleader,SPECIES_TROPIUS,369,Y
Gardenia,gymleader,SPECIES_LILEEP,388,Y
Gardenia,gymleader,SPECIES_TURTWIG,440,Y
Gardenia,gymleader,SPECIES_BUDEW,459,Y
Gardenia,gymleader,SPECIES_CHERUBI,473,Y
Gardenia,gymleader,SPECIES_CARNIVINE,508,Y
Gardenia,gymleader,SPECIES_ROTOM,532,Y
Gardenia,gymleader,SPECIES_DHELMISE,998,Y
Gary,anime,SPECIES_BULBASAUR,1,Y
Gary,anime,SPECIES_CHARMANDER,4,Y
Gary,anime,SPECIES_SQUIRTLE,7,Y
Gary,anime,SPECIES_WEEDLE,13,Y
Gary,anime,SPECIES_PIDGEY,16,Y
Gary,anime,SPECIES_SPEAROW,21,Y
Gary,anime,SPECIES_NIDORAN_F,29,Y
Gary,anime,SPECIES_NIDORAN_M,32,Y
Gary,anime,SPECIES_GROWLITHE,58,Y
Gary,anime,SPECIES_ABRA,63,Y
Gary,anime,SPECIES_GEODUDE,74,Y
Gary,anime,SPECIES_PONYTA,77,Y
Gary,anime,SPECIES_SLOWPOKE,79,Y
Gary,anime,SPECIES_DODUO,84,Y
Gary,anime,SPECIES_KRABBY,98,Y
Gary,anime,SPECIES_RHYHORN,111,Y
Gary,anime,SPECIES_HORSEA,116,Y
Gary,anime,SPECIES_SCYTHER,123,Y
Gary,anime,SPECIES_PINSIR,127,Y
Gary,anime,SPECIES_MAGIKARP,129,Y
Gary,anime,SPECIES_EEVEE,133,Y
Gary,anime,SPECIES_SKARMORY,227,Y
Gary,anime,SPECIES_HOUNDOUR,228,Y
Gary,anime,SPECIES_ELEKID,239,Y
Gary,anime,SPECIES_MAGBY,240,Y
Gary,anime,SPECIES_LARVITAR,246,Y
Gary,anime,SPECIES_HATENNA,1148,Y
Gary,anime,SPECIES_REGIDRAGO,1187,Y
Ghetsis,villain,SPECIES_SKORUPI,504,Y
Ghetsis,villain,SPECIES_CROAGUNK,506,Y
Ghetsis,villain,SPECIES_TYMPOLE,588,Y
Ghetsis,villain,SPECIES_YAMASK,615,Y
Ghetsis,villain,SPECIES_TYNAMO,655,Y
Ghetsis,villain,SPECIES_PAWNIARD,677,Y
Ghetsis,villain,SPECIES_BOUFFALANT,679,Y
Ghetsis,villain,SPECIES_DEINO,686,Y
Ghetsis,villain,SPECIES_LARVESTA,689,Y
Ghetsis,villain,SPECIES_RESHIRAM,696,Y
Ghetsis,villain,SPECIES_ZEKROM,697,Y
Ghetsis,villain,SPECIES_KYUREM,699,Y
Giovanni,villain,SPECIES_CHARMANDER,4,Y
Giovanni,villain,SPECIES_SANDSHREW,27,Y
Giovanni,villain,SPECIES_NIDORAN_F,29,Y
Giovanni,villain,SPECIES_NIDORAN_M,32,Y
Giovanni,villain,SPECIES_DIGLETT,50,Y
Giovanni,villain,SPECIES_MEOWTH,52,Y
Giovanni,villain,SPECIES_GROWLITHE,58,Y
Giovanni,villain,SPECIES_MACHOP,66,Y
Giovanni,villain,SPECIES_GEODUDE,74,Y
Giovanni,villain,SPECIES_SHELLDER,90,Y
Giovanni,villain,SPECIES_GASTLY,92,Y
Giovanni,villain,SPECIES_ONIX,95,Y
Giovanni,villain,SPECIES_KRABBY,98,Y
Giovanni,villain,SPECIES_EXEGGCUTE,102,Y
Giovanni,villain,SPECIES_CUBONE,104,Y
Giovanni,villain,SPECIES_KOFFING,109,Y
Giovanni,villain,SPECIES_RHYHORN,111,Y
Giovanni,villain,SPECIES_KANGASKHAN,115,Y
Giovanni,villain,SPECIES_TAUROS,128,Y
Giovanni,villain,SPECIES_MAGIKARP,129,Y
Giovanni,villain,SPECIES_MOLTRES,146,Y
Giovanni,villain,SPECIES_MEWTWO,150,Y
Giovanni,villain,SPECIES_MURKROW,198,Y
Giovanni,villain,SPECIES_GLIGAR,207,Y
Giovanni,villain,SPECIES_GIBLE,496,Y
Giovanni,villain,SPECIES_HIPPOPOTAS,502,Y
Giovanni,villain,SPECIES_WOOBAT,580,Y
Giovanni,villain,SPECIES_SANDILE,604,Y
Giovanni,villain,SPECIES_YAMASK,615,Y
Giovanni,villain,SPECIES_FOONGUS,643,Y
Giovanni,villain,SPECIES_FRILLISH,645,Y
Giovanni,villain,SPECIES_GUZZLORD,1016,Y
Glacia,elite4,SPECIES_SPHEAL,341,Y
Glacia,elite4,SPECIES_SNORUNT,346,Y
Glacia,elite4,SPECIES_SNOVER,512,Y
Glacia,elite4,SPECIES_VANILLITE,635,Y
Glacia,elite4,SPECIES_CUBCHOO,666,Y
Gladion,rival,SPECIES_BULBASAUR,1,Y
Gladion,rival,SPECIES_CHARMANDER,4,Y
Gladion,rival,SPECIES_SQUIRTLE,7,Y
Gladion,rival,SPECIES_ZUBAT,41,Y
Gladion,rival,SPECIES_EEVEE,133,Y
Gladion,rival,SPECIES_PORYGON,137,Y
Gladion,rival,SPECIES_SNEASEL,215,Y
Gladion,rival,SPECIES_RIOLU,500,Y
Gladion,rival,SPECIES_ZORUA,623,Y
Gladion,rival,SPECIES_ROCKRUFF,961,Y
Gladion,rival,SPECIES_TYPE_NULL,989,Y
Gladion,rival,SPECIES_NIHILEGO,1010,Y
Gladion,rival,SPECIES_MAGEARNA,1018,Y
Gloria,anime,SPECIES_GROOKEY,1102,Y
Gloria,anime,SPECIES_SCORBUNNY,1105,Y
Gloria,anime,SPECIES_SOBBLE,1108,Y
Gloria,anime,SPECIES_ZACIAN,1180,Y
Gloria,anime,SPECIES_ZAMAZENTA,1181,Y
Gloria,anime,SPECIES_ETERNATUS,1182,Y
Gloria,anime,SPECIES_KUBFU,1183,Y
Gloria,anime,SPECIES_GLASTRIER,1188,Y
Gloria,anime,SPECIES_SPECTRIER,1189,Y
Gloria,anime,SPECIES_CALYREX,1190,Y
Goh,anime,SPECIES_CATERPIE,10,Y
Goh,anime,SPECIES_WEEDLE,13,Y
Goh,anime,SPECIES_PIDGEY,16,Y
Goh,anime,SPECIES_RATTATA,19,Y
Goh,anime,SPECIES_SPEAROW,21,Y
Goh,anime,SPECIES_EKANS,23,Y
Goh,anime,SPECIES_NIDORAN_F,29,Y
Goh,anime,SPECIES_VULPIX,37,Y
Goh,anime,SPECIES_ZUBAT,41,Y
Goh,anime,SPECIES_ODDISH,43,Y
Goh,anime,SPECIES_PARAS,46,Y
Goh,anime,SPECIES_VENONAT,48,Y
Goh,anime,SPECIES_DIGLETT,50,Y
Goh,anime,SPECIES_MANKEY,56,Y
Goh,anime,SPECIES_POLIWAG,60,Y
Goh,anime,SPECIES_BELLSPROUT,69,Y
Goh,anime,SPECIES_TENTACOOL,72,Y
Goh,anime,SPECIES_GEODUDE,74,Y
Goh,anime,SPECIES_SLOWPOKE,79,Y
Goh,anime,SPECIES_FARFETCHD,83,Y
Goh,anime,SPECIES_SEEL,86,Y
Goh,anime,SPECIES_GRIMER,88,Y
Goh,anime,SPECIES_DROWZEE,96,Y
Goh,anime,SPECIES_KRABBY,98,Y
Goh,anime,SPECIES_VOLTORB,100,Y
Goh,anime,SPECIES_EXEGGCUTE,102,Y
Goh,anime,SPECIES_CUBONE,104,Y
Goh,anime,SPECIES_HORSEA,116,Y
Goh,anime,SPECIES_GOLDEEN,118,Y
Goh,anime,SPECIES_SCYTHER,123,Y
Goh,anime,SPECIES_PINSIR,127,Y
Goh,anime,SPECIES_MAGIKARP,129,Y
Goh,anime,SPECIES_AERODACTYL,142,Y
Goh,anime,SPECIES_CYNDAQUIL,155,Y
Goh,anime,SPECIES_SENTRET,161,Y
Goh,anime,SPECIES_HOOTHOOT,163,Y
Goh,anime,SPECIES_SPINARAK,167,Y
Goh,anime,SPECIES_CHINCHOU,170,Y
Goh,anime,SPECIES_PICHU,172,Y
Goh,anime,SPECIES_MURKROW,198,Y
Goh,anime,SPECIES_MISDREAVUS,200,Y
Goh,anime,SPECIES_PINECO,204,Y
Goh,anime,SPECIES_HERACROSS,214,Y
Goh,anime,SPECIES_CORSOLA,222,Y
Goh,anime,SPECIES_TYROGUE,236,Y
Goh,anime,SPECIES_SUICUNE,245,Y
Goh,anime,SPECIES_WURMPLE,290,Y
Goh,anime,SPECIES_NINCADA,301,Y
Goh,anime,SPECIES_TAILLOW,304,Y
Goh,anime,SPECIES_WINGULL,309,Y
Goh,anime,SPECIES_CARVANHA,330,Y
Goh,anime,SPECIES_TRAPINCH,332,Y
Goh,anime,SPECIES_NUMEL,339,Y
Goh,anime,SPECIES_SWABLU,358,Y
Goh,anime,SPECIES_ABSOL,376,Y
Goh,anime,SPECIES_MANTYKE,511,Y
Goh,anime,SPECIES_PANSEAR,566,Y
Goh,anime,SPECIES_PANPOUR,568,Y
Goh,anime,SPECIES_ROGGENROLA,577,Y
Goh,anime,SPECIES_PETILIL,601,Y
Goh,anime,SPECIES_SANDILE,604,Y
Goh,anime,SPECIES_DARUMAKA,607,Y
Goh,anime,SPECIES_FERROSEED,650,Y
Goh,anime,SPECIES_STUNFISK,671,Y
Goh,anime,SPECIES_GOLETT,675,Y
Goh,anime,SPECIES_DURANT,685,Y
Goh,anime,SPECIES_FROAKIE,764,Y
Goh,anime,SPECIES_BUNNELBY,767,Y
Goh,anime,SPECIES_SCATTERBUG,772,Y
Goh,anime,SPECIES_FLABEBE,777,Y
Goh,anime,SPECIES_BINACLE,796,Y
Goh,anime,SPECIES_PHANTUMP,816,Y
Goh,anime,SPECIES_MORELULL,972,Y
Goh,anime,SPECIES_PASSIMIAN,983,Y
Goh,anime,SPECIES_PYUKUMUKU,988,Y
Goh,anime,SPECIES_BRUXISH,996,Y
Goh,anime,SPECIES_GROOKEY,1102,Y
Goh,anime,SPECIES_SCORBUNNY,1105,Y
Goh,anime,SPECIES_SOBBLE,1108,Y
Goh,anime,SPECIES_SKWOVET,1111,Y
Goh,anime,SPECIES_GOSSIFLEUR,1121,Y
Goh,anime,SPECIES_MILCERY,1160,Y
Goh,anime,SPECIES_FALINKS,1162,Y
Goh,anime,SPECIES_ARCTOZOLT,1173,Y
Goh,anime,SPECIES_ETERNATUS,1182,Y
Goh,anime,SPECIES_REGIELEKI,1186,Y
Gordie,gymleader,SPECIES_SHUCKLE,213,Y
Gordie,gymleader,SPECIES_LARVITAR,246,Y
Gordie,gymleader,SPECIES_BINACLE,796,Y
Gordie,gymleader,SPECIES_ROLYCOLY,1129,Y
Gordie,gymleader,SPECIES_STONJOURNER,1166,Y
Grant,gymleader,SPECIES_ONIX,95,Y
Grant,gymleader,SPECIES_TYRUNT,804,Y
Grant,gymleader,SPECIES_AMAURA,806,Y
Greta,frontier,SPECIES_GASTLY,92,Y
Greta,frontier,SPECIES_EEVEE,133,Y
Greta,frontier,SPECIES_HERACROSS,214,Y
Greta,frontier,SPECIES_NINCADA,301,Y
Greta,frontier,SPECIES_SHROOMISH,306,Y
Greta,frontier,SPECIES_MAKUHITA,335,Y
Greta,frontier,SPECIES_MEDITITE,356,Y
Grimsley,elite4,SPECIES_MURKROW,198,Y
Grimsley,elite4,SPECIES_HOUNDOUR,228,Y
Grimsley,elite4,SPECIES_LARVITAR,246,Y
Grimsley,elite4,SPECIES_CARVANHA,330,Y
Grimsley,elite4,SPECIES_ABSOL,376,Y
Grimsley,elite4,SPECIES_SKORUPI,504,Y
Grimsley,elite4,SPECIES_PURRLOIN,562,Y
Grimsley,elite4,SPECIES_SANDILE,604,Y
Grimsley,elite4,SPECIES_SCRAGGY,612,Y
Grimsley,elite4,SPECIES_PAWNIARD,677,Y
Guzma,villain,SPECIES_SCYTHER,123,Y
Guzma,villain,SPECIES_PINSIR,127,Y
Guzma,villain,SPECIES_SPINARAK,167,Y
Guzma,villain,SPECIES_MURKROW,198,Y
Guzma,villain,SPECIES_SURSKIT,311,Y
Guzma,villain,SPECIES_CROAGUNK,506,Y
Guzma,villain,SPECIES_PURRLOIN,562,Y
Guzma,villain,SPECIES_PAWNIARD,677,Y
Guzma,villain,SPECIES_GRUBBIN,953,Y
Guzma,villain,SPECIES_MAREANIE,964,Y
Guzma,villain,SPECIES_WIMPOD,984,Y
Guzma,villain,SPECIES_BUZZWOLE,1011,Y
Hala,anime,SPECIES_MANKEY,56,Y
Hala,anime,SPECIES_POLIWAG,60,Y
Hala,anime,SPECIES_MACHOP,66,Y
Hala,anime,SPECIES_MAKUHITA,335,Y
Hala,anime,SPECIES_ROWLET,939,Y
Hala,anime,SPECIES_LITTEN,942,Y
Hala,anime,SPECIES_POPPLIO,945,Y
Hala,anime,SPECIES_CRABRAWLER,956,Y
Hala,anime,SPECIES_STUFFUL,976,Y
Hapu,anime,SPECIES_DIGLETT,50,Y
Hapu,anime,SPECIES_TRAPINCH,332,Y
Hapu,anime,SPECIES_SHELLOS,475,Y
Hapu,anime,SPECIES_SANDILE,604,Y
Hapu,anime,SPECIES_GOLETT,675,Y
Hapu,anime,SPECIES_MUDBRAY,966,Y
Hassel,anime,SPECIES_DRATINI,147,Y
Hassel,anime,SPECIES_GIBLE,496,Y
Hassel,anime,SPECIES_AXEW,663,Y
Hassel,anime,SPECIES_SKRELP,798,Y
Hassel,anime,SPECIES_NOIBAT,822,Y
Hassel,anime,SPECIES_APPLIN,1132,Y
Hassel,anime,SPECIES_DURALUDON,1176,Y
Hau,champion,SPECIES_TAUROS,128,Y
Hau,champion,SPECIES_EEVEE,133,Y
Hau,champion,SPECIES_PICHU,172,Y
Hau,champion,SPECIES_NOIBAT,822,Y
Hau,champion,SPECIES_ROWLET,939,Y
Hau,champion,SPECIES_LITTEN,942,Y
Hau,champion,SPECIES_POPPLIO,945,Y
Hau,champion,SPECIES_CRABRAWLER,956,Y
Hau,champion,SPECIES_KOMALA,992,Y
Hau,champion,SPECIES_TAPU_KOKO,1002,Y
Hau,champion,SPECIES_STAKATAKA,1076,Y
Hau,champion,SPECIES_BLACEPHALON,1077,Y
Hilbert,anime,SPECIES_EEVEE,133,Y
Hilbert,anime,SPECIES_POOCHYENA,286,Y
Hilbert,anime,SPECIES_SNIVY,548,Y
Hilbert,anime,SPECIES_TEPIG,551,Y
Hilbert,anime,SPECIES_OSHAWOTT,554,Y
Hilbert,anime,SPECIES_MUNNA,570,Y
Hilbert,anime,SPECIES_ROGGENROLA,577,Y
Hilbert,anime,SPECIES_DRILBUR,582,Y
Hilbert,anime,SPECIES_AUDINO,584,Y
Hilbert,anime,SPECIES_TIMBURR,585,Y
Hilbert,anime,SPECIES_THROH,591,Y
Hilbert,anime,SPECIES_SAWK,592,Y
Hilbert,anime,SPECIES_PETILIL,601,Y
Hilbert,anime,SPECIES_SANDILE,604,Y
Hilbert,anime,SPECIES_DARUMAKA,607,Y
Hilbert,anime,SPECIES_SCRAGGY,612,Y
Hilbert,anime,SPECIES_YAMASK,615,Y
Hilbert,anime,SPECIES_ARCHEN,619,Y
Hilbert,anime,SPECIES_GOTHITA,627,Y
Hilbert,anime,SPECIES_SOLOSIS,630,Y
Hilbert,anime,SPECIES_VANILLITE,635,Y
Hilbert,anime,SPECIES_KARRABLAST,641,Y
Hilbert,anime,SPECIES_FOONGUS,643,Y
Hilbert,anime,SPECIES_FRILLISH,645,Y
Hilbert,anime,SPECIES_ALOMOMOLA,647,Y
Hilbert,anime,SPECIES_FERROSEED,650,Y
Hilbert,anime,SPECIES_KLINK,652,Y
Hilbert,anime,SPECIES_TYNAMO,655,Y
Hilbert,anime,SPECIES_LITWICK,660,Y
Hilbert,anime,SPECIES_AXEW,663,Y
Hilbert,anime,SPECIES_CUBCHOO,666,Y
Hilbert,anime,SPECIES_CRYOGONAL,668,Y
Hilbert,anime,SPECIES_SHELMET,669,Y
Hilbert,anime,SPECIES_MIENFOO,672,Y
Hilbert,anime,SPECIES_DRUDDIGON,674,Y
Hilbert,anime,SPECIES_GOLETT,675,Y
Hilbert,anime,SPECIES_PAWNIARD,677,Y
Hilbert,anime,SPECIES_BOUFFALANT,679,Y
Hilbert,anime,SPECIES_RUFFLET,680,Y
Hilbert,anime,SPECIES_VULLABY,682,Y
Hilbert,anime,SPECIES_DURANT,685,Y
Hilbert,anime,SPECIES_THUNDURUS,695,Y
Hilbert,anime,SPECIES_RESHIRAM,696,Y
Hilbert,anime,SPECIES_ZEKROM,697,Y
Hilbert,anime,SPECIES_KYUREM,699,Y
Hilbert,anime,SPECIES_GENESECT,702,Y
Hilda,anime,SPECIES_EEVEE,133,Y
Hilda,anime,SPECIES_VICTINI,547,Y
Hilda,anime,SPECIES_SNIVY,548,Y
Hilda,anime,SPECIES_TEPIG,551,Y
Hilda,anime,SPECIES_OSHAWOTT,554,Y
Hilda,anime,SPECIES_MUNNA,570,Y
Hilda,anime,SPECIES_ROGGENROLA,577,Y
Hilda,anime,SPECIES_DRILBUR,582,Y
Hilda,anime,SPECIES_AUDINO,584,Y
Hilda,anime,SPECIES_TIMBURR,585,Y
Hilda,anime,SPECIES_THROH,591,Y
Hilda,anime,SPECIES_SAWK,592,Y
Hilda,anime,SPECIES_PETILIL,601,Y
Hilda,anime,SPECIES_SANDILE,604,Y
Hilda,anime,SPECIES_DARUMAKA,607,Y
Hilda,anime,SPECIES_SCRAGGY,612,Y
Hilda,anime,SPECIES_YAMASK,615,Y
Hilda,anime,SPECIES_ARCHEN,619,Y
Hilda,anime,SPECIES_GOTHITA,627,Y
Hilda,anime,SPECIES_SOLOSIS,630,Y
Hilda,anime,SPECIES_VANILLITE,635,Y
Hilda,anime,SPECIES_KARRABLAST,641,Y
Hilda,anime,SPECIES_FOONGUS,643,Y
Hilda,anime,SPECIES_FRILLISH,645,Y
Hilda,anime,SPECIES_ALOMOMOLA,647,Y
Hilda,anime,SPECIES_FERROSEED,650,Y
Hilda,anime,SPECIES_KLINK,652,Y
Hilda,anime,SPECIES_TYNAMO,655,Y
Hilda,anime,SPECIES_LITWICK,660,Y
Hilda,anime,SPECIES_AXEW,663,Y
Hilda,anime,SPECIES_CUBCHOO,666,Y
Hilda,anime,SPECIES_CRYOGONAL,668,Y
Hilda,anime,SPECIES_SHELMET,669,Y
Hilda,anime,SPECIES_MIENFOO,672,Y
Hilda,anime,SPECIES_DRUDDIGON,674,Y
Hilda,anime,SPECIES_GOLETT,675,Y
Hilda,anime,SPECIES_PAWNIARD,677,Y
Hilda,anime,SPECIES_BOUFFALANT,679,Y
Hilda,anime,SPECIES_RUFFLET,680,Y
Hilda,anime,SPECIES_VULLABY,682,Y
Hilda,anime,SPECIES_DURANT,685,Y
Hilda,anime,SPECIES_TORNADUS,694,Y
Hilda,anime,SPECIES_RESHIRAM,696,Y
Hilda,anime,SPECIES_ZEKROM,697,Y
Hilda,anime,SPECIES_DIANCIE,827,Y
Hilda,anime,SPECIES_CLOBBOPUS,1144,Y
Hop,rival,SPECIES_ZAPDOS,145,Y
Hop,rival,SPECIES_REGIROCK,401,Y
Hop,rival,SPECIES_REGICE,402,Y
Hop,rival,SPECIES_REGISTEEL,403,Y
Hop,rival,SPECIES_MUNCHLAX,499,Y
Hop,rival,SPECIES_HEATMOR,684,Y
Hop,rival,SPECIES_PHANTUMP,816,Y
Hop,rival,SPECIES_GROOKEY,1102,Y
Hop,rival,SPECIES_SCORBUNNY,1105,Y
Hop,rival,SPECIES_SOBBLE,1108,Y
Hop,rival,SPECIES_ROOKIDEE,1113,Y
Hop,rival,SPECIES_WOOLOO,1123,Y
Hop,rival,SPECIES_YAMPER,1127,Y
Hop,rival,SPECIES_SILICOBRA,1135,Y
Hop,rival,SPECIES_CRAMORANT,1137,Y
Hop,rival,SPECIES_TOXEL,1140,Y
Hop,rival,SPECIES_PINCURCHIN,1163,Y
Hop,rival,SPECIES_ZACIAN,1180,Y
Hop,rival,SPECIES_ZAMAZENTA,1181,Y
Hugh,rival,SPECIES_TRAPINCH,332,Y
Hugh,rival,SPECIES_SNIVY,548,Y
Hugh,rival,SPECIES_TEPIG,551,Y
Hugh,rival,SPECIES_OSHAWOTT,554,Y
Hugh,rival,SPECIES_PURRLOIN,562,Y
Hugh,rival,SPECIES_PANSAGE,564,Y
Hugh,rival,SPECIES_PANSEAR,566,Y
Hugh,rival,SPECIES_PANPOUR,568,Y
Hugh,rival,SPECIES_PIDOVE,572,Y
Hugh,rival,SPECIES_TYNAMO,655,Y
Hugh,rival,SPECIES_BOUFFALANT,679,Y
Ingo,frontier,SPECIES_ABRA,63,Y
Ingo,frontier,SPECIES_MACHOP,66,Y
Ingo,frontier,SPECIES_MAGNEMITE,81,Y
Ingo,frontier,SPECIES_TANGELA,114,Y
Ingo,frontier,SPECIES_SCYTHER,123,Y
Ingo,frontier,SPECIES_PORYGON,137,Y
Ingo,frontier,SPECIES_GLIGAR,207,Y
Ingo,frontier,SPECIES_NOSEPASS,320,Y
Ingo,frontier,SPECIES_DRILBUR,582,Y
Ingo,frontier,SPECIES_TIMBURR,585,Y
Ingo,frontier,SPECIES_DWEBBLE,610,Y
Ingo,frontier,SPECIES_TRUBBISH,621,Y
Ingo,frontier,SPECIES_KLINK,652,Y
Ingo,frontier,SPECIES_LITWICK,660,Y
Ingo,frontier,SPECIES_AXEW,663,Y
Ingo,frontier,SPECIES_SNEASEL_H,1240,Y
Ingo,frontier,SPECIES_BASCULIN_H,1243,Y
Irida,rival,SPECIES_EEVEE,133,Y
Iris,champion,SPECIES_LAPRAS,131,Y
Iris,champion,SPECIES_DRATINI,147,Y
Iris,champion,SPECIES_ARON,382,Y
Iris,champion,SPECIES_BAGON,395,Y
Iris,champion,SPECIES_GIBLE,496,Y
Iris,champion,SPECIES_DRILBUR,582,Y
Iris,champion,SPECIES_ARCHEN,619,Y
Iris,champion,SPECIES_EMOLGA,640,Y
Iris,champion,SPECIES_AXEW,663,Y
Iris,champion,SPECIES_DRUDDIGON,674,Y
Iris,champion,SPECIES_DEINO,686,Y
Iris,champion,SPECIES_POIPOLE,1074,Y
James,anime,SPECIES_GROWLITHE,58,Y
James,anime,SPECIES_BELLSPROUT,69,Y
James,anime,SPECIES_KOFFING,109,Y
James,anime,SPECIES_MAGIKARP,129,Y
James,anime,SPECIES_NUMEL,339,Y
James,anime,SPECIES_CACNEA,344,Y
James,anime,SPECIES_CHINGLING,486,Y
James,anime,SPECIES_MIME_JR,492,Y
James,anime,SPECIES_CARNIVINE,508,Y
James,anime,SPECIES_YAMASK,615,Y
James,anime,SPECIES_FOONGUS,643,Y
James,anime,SPECIES_INKAY,794,Y
James,anime,SPECIES_MAREANIE,964,Y
James,anime,SPECIES_MORPEKO,1169,Y
Janine,gymleader,SPECIES_EKANS,23,Y
Janine,gymleader,SPECIES_NIDORAN_F,29,Y
Janine,gymleader,SPECIES_ZUBAT,41,Y
Janine,gymleader,SPECIES_VENONAT,48,Y
Janine,gymleader,SPECIES_TENTACOOL,72,Y
Janine,gymleader,SPECIES_GRIMER,88,Y
Janine,gymleader,SPECIES_KOFFING,109,Y
Janine,gymleader,SPECIES_EEVEE,133,Y
Janine,gymleader,SPECIES_CHIKORITA,152,Y
Janine,gymleader,SPECIES_SPINARAK,167,Y
Janine,gymleader,SPECIES_GIRAFARIG,203,Y
Janine,gymleader,SPECIES_PINECO,204,Y
Janine,gymleader,SPECIES_GLIGAR,207,Y
Janine,gymleader,SPECIES_STANTLER,234,Y
Janine,gymleader,SPECIES_BUDEW,459,Y
Janine,gymleader,SPECIES_SKORUPI,504,Y
Janine,gymleader,SPECIES_CROAGUNK,506,Y
Jasmine,gymleader,SPECIES_SQUIRTLE,7,Y
Jasmine,gymleader,SPECIES_PONYTA,77,Y
Jasmine,gymleader,SPECIES_SLOWPOKE,79,Y
Jasmine,gymleader,SPECIES_MAGNEMITE,81,Y
Jasmine,gymleader,SPECIES_ONIX,95,Y
Jasmine,gymleader,SPECIES_SCYTHER,123,Y
Jasmine,gymleader,SPECIES_TOGEPI,175,Y
Jasmine,gymleader,SPECIES_MAREEP,179,Y
Jasmine,gymleader,SPECIES_PINECO,204,Y
Jasmine,gymleader,SPECIES_CORSOLA,222,Y
Jasmine,gymleader,SPECIES_SKARMORY,227,Y
Jasmine,gymleader,SPECIES_STANTLER,234,Y
Jasmine,gymleader,SPECIES_MAWILE,355,Y
Jasmine,gymleader,SPECIES_BELDUM,398,Y
Jasmine,gymleader,SPECIES_PIPLUP,446,Y
Jasmine,gymleader,SPECIES_BRONZOR,489,Y
Jasmine,gymleader,SPECIES_RIOLU,500,Y
Jasmine,gymleader,SPECIES_MANTYKE,511,Y
Jasmine,gymleader,SPECIES_DRILBUR,582,Y
Jasmine,gymleader,SPECIES_FERROSEED,650,Y
Jasmine,gymleader,SPECIES_KLINK,652,Y
Jasmine,gymleader,SPECIES_CELESTEELA,1014,Y
Jessie,anime,SPECIES_EKANS,23,Y
Jessie,anime,SPECIES_MEOWTH,52,Y
Jessie,anime,SPECIES_SHELLDER,90,Y
Jessie,anime,SPECIES_LICKITUNG,108,Y
Jessie,anime,SPECIES_KOFFING,109,Y
Jessie,anime,SPECIES_STARYU,120,Y
Jessie,anime,SPECIES_YANMA,193,Y
Jessie,anime,SPECIES_WURMPLE,290,Y
Jessie,anime,SPECIES_MAWILE,355,Y
Jessie,anime,SPECIES_WYNAUT,360,Y
Jessie,anime,SPECIES_SEVIPER,379,Y
Jessie,anime,SPECIES_WOOBAT,580,Y
Jessie,anime,SPECIES_FRILLISH,645,Y
Jessie,anime,SPECIES_PUMPKABOO,818,Y
Jessie,anime,SPECIES_MIMIKYU,995,Y
Juan,gymleader,SPECIES_POLIWAG,60,Y
Juan,gymleader,SPECIES_TENTACOOL,72,Y
Juan,gymleader,SPECIES_HORSEA,116,Y
Juan,gymleader,SPECIES_GOLDEEN,118,Y
Juan,gymleader,SPECIES_STARYU,120,Y
Juan,gymleader,SPECIES_LAPRAS,131,Y
Juan,gymleader,SPECIES_CHINCHOU,170,Y
Juan,gymleader,SPECIES_CORSOLA,222,Y
Juan,gymleader,SPECIES_WINGULL,309,Y
Juan,gymleader,SPECIES_SURSKIT,311,Y
Juan,gymleader,SPECIES_WAILMER,313,Y
Juan,gymleader,SPECIES_BARBOACH,323,Y
Juan,gymleader,SPECIES_LUVDISC,325,Y
Juan,gymleader,SPECIES_CORPHISH,326,Y
Juan,gymleader,SPECIES_FEEBAS,328,Y
Juan,gymleader,SPECIES_SPHEAL,341,Y
Juan,gymleader,SPECIES_AZURILL,350,Y
Juan,gymleader,SPECIES_CLAMPERL,373,Y
Juan,gymleader,SPECIES_RELICANTH,381,Y
Juniper,professor,SPECIES_SNIVY,548,Y
Juniper,professor,SPECIES_TEPIG,551,Y
Juniper,professor,SPECIES_OSHAWOTT,554,Y
Juniper,professor,SPECIES_PATRAT,557,Y
Juniper,professor,SPECIES_ARCHEN,619,Y
Juniper,professor,SPECIES_MINCCINO,625,Y
Juniper,professor,SPECIES_KARRABLAST,641,Y
Juniper,professor,SPECIES_SHELMET,669,Y
Jupiter,villain,SPECIES_NIDORAN_M,32,Y
Jupiter,villain,SPECIES_ZUBAT,41,Y
Jupiter,villain,SPECIES_GASTLY,92,Y
Jupiter,villain,SPECIES_TANGELA,114,Y
Jupiter,villain,SPECIES_SABLEYE,322,Y
Jupiter,villain,SPECIES_SHELLOS,475,Y
Jupiter,villain,SPECIES_STUNKY,487,Y
Jupiter,villain,SPECIES_BRONZOR,489,Y
Jupiter,villain,SPECIES_CROAGUNK,506,Y
Kabu,gymleader,SPECIES_VULPIX,37,Y
Kabu,gymleader,SPECIES_GROWLITHE,58,Y
Kabu,gymleader,SPECIES_TORKOAL,321,Y
Kabu,gymleader,SPECIES_NUMEL,339,Y
Kabu,gymleader,SPECIES_SALANDIT,974,Y
Kabu,gymleader,SPECIES_SIZZLIPEDE,1142,Y
Kahili,elite4,SPECIES_ZUBAT,41,Y
Kahili,elite4,SPECIES_SKARMORY,227,Y
Kahili,elite4,SPECIES_RUFFLET,680,Y
Kahili,elite4,SPECIES_VULLABY,682,Y
Kahili,elite4,SPECIES_HAWLUCHA,809,Y
Kahili,elite4,SPECIES_PIKIPEK,948,Y
Kahili,elite4,SPECIES_ORICORIO,958,Y
Kamado,villain,SPECIES_GEODUDE,74,Y
Kamado,villain,SPECIES_CLEFFA,173,Y
Kamado,villain,SPECIES_HERACROSS,214,Y
Kamado,villain,SPECIES_TEDDIURSA,216,Y
Kamado,villain,SPECIES_NOSEPASS,320,Y
Kamado,villain,SPECIES_MUNCHLAX,499,Y
Kamado,villain,SPECIES_RUFFLET,680,Y
Karen,elite4,SPECIES_ODDISH,43,Y
Karen,elite4,SPECIES_MEOWTH,52,Y
Karen,elite4,SPECIES_BELLSPROUT,69,Y
Karen,elite4,SPECIES_SLOWPOKE,79,Y
Karen,elite4,SPECIES_GASTLY,92,Y
Karen,elite4,SPECIES_VOLTORB,100,Y
Karen,elite4,SPECIES_EEVEE,133,Y
Karen,elite4,SPECIES_MURKROW,198,Y
Karen,elite4,SPECIES_MISDREAVUS,200,Y
Karen,elite4,SPECIES_SNEASEL,215,Y
Karen,elite4,SPECIES_HOUNDOUR,228,Y
Karen,elite4,SPECIES_MAGBY,240,Y
Karen,elite4,SPECIES_ABSOL,376,Y
Karen,elite4,SPECIES_SPIRITOMB,495,Y
Kiawe (anime),anime,SPECIES_CHARMANDER,4,Y
Kiawe (anime),anime,SPECIES_GROWLITHE,58,Y
Kiawe (anime),anime,SPECIES_CUBONE,104,Y
Kiawe (anime),anime,SPECIES_KANGASKHAN,115,Y
Kiawe (anime),anime,SPECIES_MAGBY,240,Y
Kiawe (anime),anime,SPECIES_FLETCHLING,769,Y
Kiawe (anime),anime,SPECIES_SALANDIT,974,Y
Kiawe (anime),anime,SPECIES_TURTONATOR,993,Y
Koga,elite4,SPECIES_EKANS,23,Y
Koga,elite4,SPECIES_NIDORAN_F,29,Y
Koga,elite4,SPECIES_NIDORAN_M,32,Y
Koga,elite4,SPECIES_VULPIX,37,Y
Koga,elite4,SPECIES_ZUBAT,41,Y
Koga,elite4,SPECIES_PARAS,46,Y
Koga,elite4,SPECIES_VENONAT,48,Y
Koga,elite4,SPECIES_TENTACOOL,72,Y
Koga,elite4,SPECIES_GRIMER,88,Y
Koga,elite4,SPECIES_GASTLY,92,Y
Koga,elite4,SPECIES_DROWZEE,96,Y
Koga,elite4,SPECIES_VOLTORB,100,Y
Koga,elite4,SPECIES_KOFFING,109,Y
Koga,elite4,SPECIES_RHYHORN,111,Y
Koga,elite4,SPECIES_TANGELA,114,Y
Koga,elite4,SPECIES_SCYTHER,123,Y
Koga,elite4,SPECIES_LAPRAS,131,Y
Koga,elite4,SPECIES_ARTICUNO,144,Y
Koga,elite4,SPECIES_SPINARAK,167,Y
Koga,elite4,SPECIES_CHINCHOU,170,Y
Koga,elite4,SPECIES_PINECO,204,Y
Koga,elite4,SPECIES_GLIGAR,207,Y
Koga,elite4,SPECIES_STANTLER,234,Y
Koga,elite4,SPECIES_MAGBY,240,Y
Koga,elite4,SPECIES_GULPIN,367,Y
Koga,elite4,SPECIES_STUNKY,487,Y
Koga,elite4,SPECIES_CROAGUNK,506,Y
Korrina,gymleader,SPECIES_MACHOP,66,Y
Korrina,gymleader,SPECIES_MEDITITE,356,Y
Korrina,gymleader,SPECIES_RALTS,392,Y
Korrina,gymleader,SPECIES_RIOLU,500,Y
Korrina,gymleader,SPECIES_MIENFOO,672,Y
Korrina,gymleader,SPECIES_CHESPIN,758,Y
Korrina,gymleader,SPECIES_HAWLUCHA,809,Y
Korrina,gymleader,SPECIES_CRABRAWLER,956,Y
Korrina,gymleader,SPECIES_MARSHADOW,1019,Y
Korrina,gymleader,SPECIES_FARFETCHD_G,1217,Y
Kris,protagonist,SPECIES_EEVEE,133,Y
Kris,protagonist,SPECIES_CHIKORITA,152,Y
Kris,protagonist,SPECIES_CYNDAQUIL,155,Y
Kris,protagonist,SPECIES_TOTODILE,158,Y
Kris,protagonist,SPECIES_IGGLYBUFF,174,Y
Kris,protagonist,SPECIES_SUICUNE,245,Y
Kukui,champion,SPECIES_BULBASAUR,1,Y
Kukui,champion,SPECIES_VULPIX,37,Y
Kukui,champion,SPECIES_POLIWAG,60,Y
Kukui,champion,SPECIES_MAGNEMITE,81,Y
Kukui,champion,SPECIES_PICHU,172,Y
Kukui,champion,SPECIES_MURKROW,198,Y
Kukui,champion,SPECIES_SNUBBULL,209,Y
Kukui,champion,SPECIES_CORSOLA,222,Y
Kukui,champion,SPECIES_LUVDISC,325,Y
Kukui,champion,SPECIES_PIPLUP,446,Y
Kukui,champion,SPECIES_MUNCHLAX,499,Y
Kukui,champion,SPECIES_RIOLU,500,Y
Kukui,champion,SPECIES_ROTOM,532,Y
Kukui,champion,SPECIES_RUFFLET,680,Y
Kukui,champion,SPECIES_ROWLET,939,Y
Kukui,champion,SPECIES_LITTEN,942,Y
Kukui,champion,SPECIES_POPPLIO,945,Y
Kukui,champion,SPECIES_PIKIPEK,948,Y
Kukui,champion,SPECIES_GRUBBIN,953,Y
Kukui,champion,SPECIES_CRABRAWLER,956,Y
Kukui,champion,SPECIES_CUTIEFLY,959,Y
Kukui,champion,SPECIES_ROCKRUFF,961,Y
Kukui,champion,SPECIES_STUFFUL,976,Y
Lana (anime),anime,SPECIES_SHELLDER,90,Y
Lana (anime),anime,SPECIES_LAPRAS,131,Y
Lana (anime),anime,SPECIES_EEVEE,133,Y
Lana (anime),anime,SPECIES_CHINCHOU,170,Y
Lana (anime),anime,SPECIES_FEEBAS,328,Y
Lana (anime),anime,SPECIES_POPPLIO,945,Y
Lana (anime),anime,SPECIES_DEWPIDER,968,Y
Lana (anime),anime,SPECIES_XURKITREE,1013,Y
Lance,champion,SPECIES_CHARMANDER,4,Y
Lance,champion,SPECIES_GROWLITHE,58,Y
Lance,champion,SPECIES_ONIX,95,Y
Lance,champion,SPECIES_EXEGGCUTE,102,Y
Lance,champion,SPECIES_KANGASKHAN,115,Y
Lance,champion,SPECIES_HORSEA,116,Y
Lance,champion,SPECIES_MAGIKARP,129,Y
Lance,champion,SPECIES_LAPRAS,131,Y
Lance,champion,SPECIES_AERODACTYL,142,Y
Lance,champion,SPECIES_DRATINI,147,Y
Lance,champion,SPECIES_TOTODILE,158,Y
Lance,champion,SPECIES_ELEKID,239,Y
Lance,champion,SPECIES_LARVITAR,246,Y
Lance,champion,SPECIES_LUGIA,249,Y
Lance,champion,SPECIES_TRAPINCH,332,Y
Lance,champion,SPECIES_SWABLU,358,Y
Lance,champion,SPECIES_BAGON,395,Y
Lance,champion,SPECIES_GIBLE,496,Y
Lance,champion,SPECIES_MUNCHLAX,499,Y
Lance,champion,SPECIES_AXEW,663,Y
Lance,champion,SPECIES_DEINO,686,Y
Larry,anime,SPECIES_TAUROS,128,Y
Larry,anime,SPECIES_DUNSPARCE,206,Y
Larry,anime,SPECIES_SWABLU,358,Y
Larry,anime,SPECIES_TROPIUS,369,Y
Larry,anime,SPECIES_STARLY,449,Y
Larry,anime,SPECIES_RUFFLET,680,Y
Larry,anime,SPECIES_ORICORIO,958,Y
Larry,anime,SPECIES_KOMALA,992,Y
Laventon,professor,SPECIES_CYNDAQUIL,155,Y
Laventon,professor,SPECIES_OSHAWOTT,554,Y
Laventon,professor,SPECIES_ROWLET,939,Y
Leaf,protagonist,SPECIES_BULBASAUR,1,Y
Leaf,protagonist,SPECIES_SQUIRTLE,7,Y
Leaf,protagonist,SPECIES_EEVEE,133,Y
Leaf,protagonist,SPECIES_MOLTRES,146,Y
Leaf,protagonist,SPECIES_CLEFFA,173,Y
Lenora,gymleader,SPECIES_LICKITUNG,108,Y
Lenora,gymleader,SPECIES_KANGASKHAN,115,Y
Lenora,gymleader,SPECIES_CLEFFA,173,Y
Lenora,gymleader,SPECIES_DUNSPARCE,206,Y
Lenora,gymleader,SPECIES_PATRAT,557,Y
Lenora,gymleader,SPECIES_LILLIPUP,559,Y
Lenora,gymleader,SPECIES_AUDINO,584,Y
Lenora,gymleader,SPECIES_MINCCINO,625,Y
Lenora,gymleader,SPECIES_DEERLING,638,Y
Lenora,gymleader,SPECIES_RUFFLET,680,Y
Leon,champion,SPECIES_CHARMANDER,4,Y
Leon,champion,SPECIES_RHYHORN,111,Y
Leon,champion,SPECIES_TYMPOLE,588,Y
Leon,champion,SPECIES_AXEW,663,Y
Leon,champion,SPECIES_HONEDGE,787,Y
Leon,champion,SPECIES_GROOKEY,1102,Y
Leon,champion,SPECIES_SCORBUNNY,1105,Y
Leon,champion,SPECIES_SOBBLE,1108,Y
Leon,champion,SPECIES_ROOKIDEE,1113,Y
Leon,champion,SPECIES_WOOLOO,1123,Y
Leon,champion,SPECIES_DREEPY,1177,Y
Leon,champion,SPECIES_ETERNATUS,1182,Y
Leon,champion,SPECIES_CALYREX,1190,Y
Leon,champion,SPECIES_MIME_JR_G,1228,Y
Lillie (anime),anime,SPECIES_VULPIX,37,Y
Lillie (anime),anime,SPECIES_CLEFFA,173,Y
Lillie (anime),anime,SPECIES_CUTIEFLY,959,Y
Lillie (anime),anime,SPECIES_COMFEY,981,Y
Lillie (anime),anime,SPECIES_COSMOG,1006,Y
Lillie (anime),anime,SPECIES_MAGEARNA,1018,Y
Lillie (anime),anime,SPECIES_BLACEPHALON,1077,Y
Liza,gymleader,SPECIES_SLOWPOKE,79,Y
Liza,gymleader,SPECIES_DROWZEE,96,Y
Liza,gymleader,SPECIES_NATU,177,Y
Liza,gymleader,SPECIES_BALTOY,318,Y
Liza,gymleader,SPECIES_LUNATONE,348,Y
Liza,gymleader,SPECIES_SPOINK,351,Y
Liza,gymleader,SPECIES_RALTS,392,Y
Liza,gymleader,SPECIES_CHINGLING,486,Y
Liza,gymleader,SPECIES_BRONZOR,489,Y
Liza,gymleader,SPECIES_GOTHITA,627,Y
Liza,gymleader,SPECIES_CELESTEELA,1014,Y
Lorelei,elite4,SPECIES_SANDSHREW,27,Y
Lorelei,elite4,SPECIES_SLOWPOKE,79,Y
Lorelei,elite4,SPECIES_SEEL,86,Y
Lorelei,elite4,SPECIES_SHELLDER,90,Y
Lorelei,elite4,SPECIES_EXEGGCUTE,102,Y
Lorelei,elite4,SPECIES_STARYU,120,Y
Lorelei,elite4,SPECIES_LAPRAS,131,Y
Lorelei,elite4,SPECIES_OMANYTE,138,Y
Lorelei,elite4,SPECIES_ARTICUNO,144,Y
Lorelei,elite4,SPECIES_IGGLYBUFF,174,Y
Lorelei,elite4,SPECIES_SWINUB,220,Y
Lorelei,elite4,SPECIES_SMOOCHUM,238,Y
Lt. Surge,gymleader,SPECIES_POLIWAG,60,Y
Lt. Surge,gymleader,SPECIES_BELLSPROUT,69,Y
Lt. Surge,gymleader,SPECIES_MAGNEMITE,81,Y
Lt. Surge,gymleader,SPECIES_DODUO,84,Y
Lt. Surge,gymleader,SPECIES_SEEL,86,Y
Lt. Surge,gymleader,SPECIES_KRABBY,98,Y
Lt. Surge,gymleader,SPECIES_VOLTORB,100,Y
Lt. Surge,gymleader,SPECIES_LICKITUNG,108,Y
Lt. Surge,gymleader,SPECIES_TANGELA,114,Y
Lt. Surge,gymleader,SPECIES_HORSEA,116,Y
Lt. Surge,gymleader,SPECIES_EEVEE,133,Y
Lt. Surge,gymleader,SPECIES_PORYGON,137,Y
Lt. Surge,gymleader,SPECIES_ZAPDOS,145,Y
Lt. Surge,gymleader,SPECIES_CHINCHOU,170,Y
Lt. Surge,gymleader,SPECIES_PICHU,172,Y
Lt. Surge,gymleader,SPECIES_MAREEP,179,Y
Lt. Surge,gymleader,SPECIES_WOOPER,194,Y
Lt. Surge,gymleader,SPECIES_ELEKID,239,Y
Lt. Surge,gymleader,SPECIES_RAIKOU,243,Y
Lt. Surge,gymleader,SPECIES_ELECTRIKE,337,Y
Lt. Surge,gymleader,SPECIES_PACHIRISU,470,Y
Lucas,protagonist,SPECIES_ABRA,63,Y
Lucas,protagonist,SPECIES_TANGELA,114,Y
Lucas,protagonist,SPECIES_TAUROS,128,Y
Lucas,protagonist,SPECIES_EEVEE,133,Y
Lucas,protagonist,SPECIES_PORYGON,137,Y
Lucas,protagonist,SPECIES_KABUTO,140,Y
Lucas,protagonist,SPECIES_CLEFFA,173,Y
Lucas,protagonist,SPECIES_DUNSPARCE,206,Y
Lucas,protagonist,SPECIES_GLIGAR,207,Y
Lucas,protagonist,SPECIES_MAGBY,240,Y
Lucas,protagonist,SPECIES_FEEBAS,328,Y
Lucas,protagonist,SPECIES_DUSKULL,361,Y
Lucas,protagonist,SPECIES_ABSOL,376,Y
Lucas,protagonist,SPECIES_LILEEP,388,Y
Lucas,protagonist,SPECIES_RALTS,392,Y
Lucas,protagonist,SPECIES_TURTWIG,440,Y
Lucas,protagonist,SPECIES_CHIMCHAR,443,Y
Lucas,protagonist,SPECIES_PIPLUP,446,Y
Lucas,protagonist,SPECIES_BIDOOF,452,Y
Lucas,protagonist,SPECIES_CRANIDOS,461,Y
Lucas,protagonist,SPECIES_BURMY,465,Y
Lucas,protagonist,SPECIES_ROTOM,532,Y
Lucas,protagonist,SPECIES_DIALGA,536,Y
Lucian,elite4,SPECIES_ABRA,63,Y
Lucian,elite4,SPECIES_SLOWPOKE,79,Y
Lucian,elite4,SPECIES_EEVEE,133,Y
Lucian,elite4,SPECIES_GIRAFARIG,203,Y
Lucian,elite4,SPECIES_MEDITITE,356,Y
Lucian,elite4,SPECIES_RALTS,392,Y
Lucian,elite4,SPECIES_BRONZOR,489,Y
Lucian,elite4,SPECIES_MIME_JR,492,Y
Lucy,frontier,SPECIES_ABRA,63,Y
Lucy,frontier,SPECIES_ONIX,95,Y
Lucy,frontier,SPECIES_MAGIKARP,129,Y
Lucy,frontier,SPECIES_CYNDAQUIL,155,Y
Lucy,frontier,SPECIES_SHUCKLE,213,Y
Lucy,frontier,SPECIES_SWINUB,220,Y
Lucy,frontier,SPECIES_SKITTY,315,Y
Lucy,frontier,SPECIES_FEEBAS,328,Y
Lucy,frontier,SPECIES_MAKUHITA,335,Y
Lucy,frontier,SPECIES_SEVIPER,379,Y
Lucy,frontier,SPECIES_MUNCHLAX,499,Y
Lusamine,villain,SPECIES_SLOWPOKE,79,Y
Lusamine,villain,SPECIES_STARYU,120,Y
Lusamine,villain,SPECIES_PICHU,172,Y
Lusamine,villain,SPECIES_CLEFFA,173,Y
Lusamine,villain,SPECIES_MISDREAVUS,200,Y
Lusamine,villain,SPECIES_SNUBBULL,209,Y
Lusamine,villain,SPECIES_MAGBY,240,Y
Lusamine,villain,SPECIES_FEEBAS,328,Y
Lusamine,villain,SPECIES_ABSOL,376,Y
Lusamine,villain,SPECIES_DRIFLOON,478,Y
Lusamine,villain,SPECIES_BUNEARY,480,Y
Lusamine,villain,SPECIES_LILLIPUP,559,Y
Lusamine,villain,SPECIES_PETILIL,601,Y
Lusamine,villain,SPECIES_ROWLET,939,Y
Lusamine,villain,SPECIES_LITTEN,942,Y
Lusamine,villain,SPECIES_POPPLIO,945,Y
Lusamine,villain,SPECIES_SALANDIT,974,Y
Lusamine,villain,SPECIES_STUFFUL,976,Y
Lusamine,villain,SPECIES_PYUKUMUKU,988,Y
Lusamine,villain,SPECIES_TYPE_NULL,989,Y
Lusamine,villain,SPECIES_COSMOG,1006,Y
Lusamine,villain,SPECIES_NIHILEGO,1010,Y
Lusamine,villain,SPECIES_BUZZWOLE,1011,Y
Lusamine,villain,SPECIES_PHEROMOSA,1012,Y
Lusamine,villain,SPECIES_XURKITREE,1013,Y
Lusamine,villain,SPECIES_CELESTEELA,1014,Y
Lusamine,villain,SPECIES_KARTANA,1015,Y
Lusamine,villain,SPECIES_GUZZLORD,1016,Y
Lusamine,villain,SPECIES_NECROZMA,1017,Y
Lusamine,villain,SPECIES_POIPOLE,1074,Y
Lusamine,villain,SPECIES_BLACEPHALON,1077,Y
Lyra,protagonist,SPECIES_BULBASAUR,1,Y
Lyra,protagonist,SPECIES_RATTATA,19,Y
Lyra,protagonist,SPECIES_TANGELA,114,Y
Lyra,protagonist,SPECIES_TAUROS,128,Y
Lyra,protagonist,SPECIES_EEVEE,133,Y
Lyra,protagonist,SPECIES_PORYGON,137,Y
Lyra,protagonist,SPECIES_CHIKORITA,152,Y
Lyra,protagonist,SPECIES_CYNDAQUIL,155,Y
Lyra,protagonist,SPECIES_SENTRET,161,Y
Lyra,protagonist,SPECIES_IGGLYBUFF,174,Y
Lyra,protagonist,SPECIES_GIRAFARIG,203,Y
Lyra,protagonist,SPECIES_PHANPY,231,Y
Lyra,protagonist,SPECIES_ENTEI,244,Y
Lyra,protagonist,SPECIES_CELEBI,251,Y
Lyra,protagonist,SPECIES_AZURILL,350,Y
Lysandre,villain,SPECIES_MAGIKARP,129,Y
Lysandre,villain,SPECIES_MURKROW,198,Y
Lysandre,villain,SPECIES_SABLEYE,322,Y
Lysandre,villain,SPECIES_TRUBBISH,621,Y
Lysandre,villain,SPECIES_MIENFOO,672,Y
Lysandre,villain,SPECIES_LITLEO,775,Y
Lysandre,villain,SPECIES_FLABEBE,777,Y
Lysandre,villain,SPECIES_NOIBAT,822,Y
Lysandre,villain,SPECIES_XERNEAS,824,Y
Lysandre,villain,SPECIES_YVELTAL,825,Y
Lysandre,villain,SPECIES_ZYGARDE,826,Y
Lysandre,villain,SPECIES_VOLCANION,830,Y
Magnolia,professor,SPECIES_ROTOM,532,Y
Magnolia,professor,SPECIES_GROOKEY,1102,Y
Magnolia,professor,SPECIES_SINISTEA,1146,Y
Mallow (anime),anime,SPECIES_TREECKO,277,Y
Mallow (anime),anime,SPECIES_SHAYMIN,545,Y
Mallow (anime),anime,SPECIES_FLETCHLING,769,Y
Mallow (anime),anime,SPECIES_PHANTUMP,816,Y
Mallow (anime),anime,SPECIES_PIKIPEK,948,Y
Mallow (anime),anime,SPECIES_FOMANTIS,970,Y
Mallow (anime),anime,SPECIES_MORELULL,972,Y
Mallow (anime),anime,SPECIES_BOUNSWEET,978,Y
Mallow (anime),anime,SPECIES_COMFEY,981,Y
Malva,elite4,SPECIES_HOUNDOUR,228,Y
Malva,elite4,SPECIES_TORKOAL,321,Y
Malva,elite4,SPECIES_LITWICK,660,Y
Malva,elite4,SPECIES_FENNEKIN,761,Y
Malva,elite4,SPECIES_FLETCHLING,769,Y
Malva,elite4,SPECIES_LITLEO,775,Y
Malva,elite4,SPECIES_YVELTAL,825,Y
Marlon,gymleader,SPECIES_SHELLDER,90,Y
Marlon,gymleader,SPECIES_STARYU,120,Y
Marlon,gymleader,SPECIES_WOOPER,194,Y
Marlon,gymleader,SPECIES_WAILMER,313,Y
Marlon,gymleader,SPECIES_MANTYKE,511,Y
Marlon,gymleader,SPECIES_TIRTOUGA,617,Y
Marlon,gymleader,SPECIES_FRILLISH,645,Y
Marlon,gymleader,SPECIES_ALOMOMOLA,647,Y
Marnie,rival,SPECIES_MOLTRES,146,Y
Marnie,rival,SPECIES_MAWILE,355,Y
Marnie,rival,SPECIES_REGIROCK,401,Y
Marnie,rival,SPECIES_REGICE,402,Y
Marnie,rival,SPECIES_REGISTEEL,403,Y
Marnie,rival,SPECIES_CROAGUNK,506,Y
Marnie,rival,SPECIES_PURRLOIN,562,Y
Marnie,rival,SPECIES_SCRAGGY,612,Y
Marnie,rival,SPECIES_SCORBUNNY,1105,Y
Marnie,rival,SPECIES_IMPIDIMP,1151,Y
Marnie,rival,SPECIES_MORPEKO,1169,Y
Mars,villain,SPECIES_ZUBAT,41,Y
Mars,villain,SPECIES_MAGNEMITE,81,Y
Mars,villain,SPECIES_KANGASKHAN,115,Y
Mars,villain,SPECIES_EEVEE,133,Y
Mars,villain,SPECIES_PICHU,172,Y
Mars,villain,SPECIES_TOGEPI,175,Y
Mars,villain,SPECIES_YANMA,193,Y
Mars,villain,SPECIES_ELEKID,239,Y
Mars,villain,SPECIES_SHINX,456,Y
Mars,villain,SPECIES_GLAMEOW,484,Y
Mars,villain,SPECIES_BRONZOR,489,Y
Marshal,elite4,SPECIES_MACHOP,66,Y
Marshal,elite4,SPECIES_SHROOMISH,306,Y
Marshal,elite4,SPECIES_MEDITITE,356,Y
Marshal,elite4,SPECIES_RIOLU,500,Y
Marshal,elite4,SPECIES_CROAGUNK,506,Y
Marshal,elite4,SPECIES_TIMBURR,585,Y
Marshal,elite4,SPECIES_THROH,591,Y
Marshal,elite4,SPECIES_SAWK,592,Y
Marshal,elite4,SPECIES_TIRTOUGA,617,Y
Marshal,elite4,SPECIES_MIENFOO,672,Y
Maxie,villain,SPECIES_ZUBAT,41,Y
Maxie,villain,SPECIES_KOFFING,109,Y
Maxie,villain,SPECIES_HOUNDOUR,228,Y
Maxie,villain,SPECIES_POOCHYENA,286,Y
Maxie,villain,SPECIES_TAILLOW,304,Y
Maxie,villain,SPECIES_NUMEL,339,Y
Maxie,villain,SPECIES_GROUDON,405,Y
May,protagonist,SPECIES_BULBASAUR,1,Y
May,protagonist,SPECIES_SQUIRTLE,7,Y
May,protagonist,SPECIES_EEVEE,133,Y
May,protagonist,SPECIES_PICHU,172,Y
May,protagonist,SPECIES_SLUGMA,218,Y
May,protagonist,SPECIES_TREECKO,277,Y
May,protagonist,SPECIES_TORCHIC,280,Y
May,protagonist,SPECIES_MUDKIP,283,Y
May,protagonist,SPECIES_WURMPLE,290,Y
May,protagonist,SPECIES_LOTAD,295,Y
May,protagonist,SPECIES_TAILLOW,304,Y
May,protagonist,SPECIES_SHROOMISH,306,Y
May,protagonist,SPECIES_WINGULL,309,Y
May,protagonist,SPECIES_WAILMER,313,Y
May,protagonist,SPECIES_SKITTY,315,Y
May,protagonist,SPECIES_BALTOY,318,Y
May,protagonist,SPECIES_TORKOAL,321,Y
May,protagonist,SPECIES_NUMEL,339,Y
May,protagonist,SPECIES_SWABLU,358,Y
May,protagonist,SPECIES_TROPIUS,369,Y
May,protagonist,SPECIES_WHISMUR,370,Y
May,protagonist,SPECIES_ARON,382,Y
May,protagonist,SPECIES_KYOGRE,404,Y
May,protagonist,SPECIES_RAYQUAZA,406,Y
May,protagonist,SPECIES_LATIAS,407,Y
May,protagonist,SPECIES_LATIOS,408,Y
May,protagonist,SPECIES_BUNEARY,480,Y
May,protagonist,SPECIES_MUNCHLAX,499,Y
May,protagonist,SPECIES_AUDINO,584,Y
Maylene,gymleader,SPECIES_MACHOP,66,Y
Maylene,gymleader,SPECIES_DRATINI,147,Y
Maylene,gymleader,SPECIES_HERACROSS,214,Y
Maylene,gymleader,SPECIES_TYROGUE,236,Y
Maylene,gymleader,SPECIES_TORCHIC,280,Y
Maylene,gymleader,SPECIES_SHROOMISH,306,Y
Maylene,gymleader,SPECIES_MEDITITE,356,Y
Maylene,gymleader,SPECIES_RALTS,392,Y
Maylene,gymleader,SPECIES_CHIMCHAR,443,Y
Maylene,gymleader,SPECIES_PIPLUP,446,Y
Maylene,gymleader,SPECIES_PACHIRISU,470,Y
Maylene,gymleader,SPECIES_RIOLU,500,Y
Maylene,gymleader,SPECIES_CROAGUNK,506,Y
Melony,gymleader,SPECIES_LAPRAS,131,Y
Melony,gymleader,SPECIES_DARUMAKA,607,Y
Melony,gymleader,SPECIES_SNOM,1164,Y
Melony,gymleader,SPECIES_EISCUE,1167,Y
Melony,gymleader,SPECIES_MIME_JR_G,1228,Y
Milo,gymleader,SPECIES_ODDISH,43,Y
Milo,gymleader,SPECIES_LOTAD,295,Y
Milo,gymleader,SPECIES_SEEDOT,298,Y
Milo,gymleader,SPECIES_CHERUBI,473,Y
Milo,gymleader,SPECIES_BOUNSWEET,978,Y
Milo,gymleader,SPECIES_GOSSIFLEUR,1121,Y
Milo,gymleader,SPECIES_WOOLOO,1123,Y
Milo,gymleader,SPECIES_APPLIN,1132,Y
Misty,gymleader,SPECIES_SQUIRTLE,7,Y
Misty,gymleader,SPECIES_NIDORAN_F,29,Y
Misty,gymleader,SPECIES_DIGLETT,50,Y
Misty,gymleader,SPECIES_PSYDUCK,54,Y
Misty,gymleader,SPECIES_POLIWAG,60,Y
Misty,gymleader,SPECIES_TENTACOOL,72,Y
Misty,gymleader,SPECIES_SLOWPOKE,79,Y
Misty,gymleader,SPECIES_SEEL,86,Y
Misty,gymleader,SPECIES_SHELLDER,90,Y
Misty,gymleader,SPECIES_EXEGGCUTE,102,Y
Misty,gymleader,SPECIES_HORSEA,116,Y
Misty,gymleader,SPECIES_GOLDEEN,118,Y
Misty,gymleader,SPECIES_STARYU,120,Y
Misty,gymleader,SPECIES_MAGIKARP,129,Y
Misty,gymleader,SPECIES_LAPRAS,131,Y
Misty,gymleader,SPECIES_EEVEE,133,Y
Misty,gymleader,SPECIES_OMANYTE,138,Y
Misty,gymleader,SPECIES_DRATINI,147,Y
Misty,gymleader,SPECIES_CHINCHOU,170,Y
Misty,gymleader,SPECIES_IGGLYBUFF,174,Y
Misty,gymleader,SPECIES_TOGEPI,175,Y
Misty,gymleader,SPECIES_MAREEP,179,Y
Misty,gymleader,SPECIES_SUNKERN,191,Y
Misty,gymleader,SPECIES_WOOPER,194,Y
Misty,gymleader,SPECIES_CORSOLA,222,Y
Misty,gymleader,SPECIES_SUICUNE,245,Y
Misty,gymleader,SPECIES_LUVDISC,325,Y
Misty,gymleader,SPECIES_FEEBAS,328,Y
Misty,gymleader,SPECIES_AZURILL,350,Y
Misty,gymleader,SPECIES_BUIZEL,471,Y
Misty,gymleader,SPECIES_TIRTOUGA,617,Y
Misty,gymleader,SPECIES_DUCKLETT,633,Y
Misty,gymleader,SPECIES_FRILLISH,645,Y
Misty,gymleader,SPECIES_CLAUNCHER,800,Y
Molayne,elite4,SPECIES_SANDSHREW,27,Y
Molayne,elite4,SPECIES_DIGLETT,50,Y
Molayne,elite4,SPECIES_MAGNEMITE,81,Y
Molayne,elite4,SPECIES_MAREEP,179,Y
Molayne,elite4,SPECIES_SKARMORY,227,Y
Molayne,elite4,SPECIES_BELDUM,398,Y
Molayne,elite4,SPECIES_PAWNIARD,677,Y
Molayne,elite4,SPECIES_KLEFKI,815,Y
Morty,gymleader,SPECIES_GASTLY,92,Y
Morty,gymleader,SPECIES_EXEGGCUTE,102,Y
Morty,gymleader,SPECIES_CUBONE,104,Y
Morty,gymleader,SPECIES_LAPRAS,131,Y
Morty,gymleader,SPECIES_CYNDAQUIL,155,Y
Morty,gymleader,SPECIES_HOOTHOOT,163,Y
Morty,gymleader,SPECIES_SPINARAK,167,Y
Morty,gymleader,SPECIES_MISDREAVUS,200,Y
Morty,gymleader,SPECIES_GIRAFARIG,203,Y
Morty,gymleader,SPECIES_SNUBBULL,209,Y
Morty,gymleader,SPECIES_HO_OH,250,Y
Morty,gymleader,SPECIES_SABLEYE,322,Y
Morty,gymleader,SPECIES_SNORUNT,346,Y
Morty,gymleader,SPECIES_DUSKULL,361,Y
Morty,gymleader,SPECIES_SHUPPET,377,Y
Morty,gymleader,SPECIES_DRIFLOON,478,Y
Morty,gymleader,SPECIES_BONSLY,491,Y
Morty,gymleader,SPECIES_MANTYKE,511,Y
Morty,gymleader,SPECIES_YAMASK,615,Y
Morty,gymleader,SPECIES_FRILLISH,645,Y
Morty,gymleader,SPECIES_LITWICK,660,Y
N,rival,SPECIES_VULPIX,37,Y
N,rival,SPECIES_GROWLITHE,58,Y
N,rival,SPECIES_POLIWAG,60,Y
N,rival,SPECIES_TENTACOOL,72,Y
N,rival,SPECIES_PONYTA,77,Y
N,rival,SPECIES_SHELLDER,90,Y
N,rival,SPECIES_RHYHORN,111,Y
N,rival,SPECIES_STARYU,120,Y
N,rival,SPECIES_SCYTHER,123,Y
N,rival,SPECIES_EEVEE,133,Y
N,rival,SPECIES_OMANYTE,138,Y
N,rival,SPECIES_KABUTO,140,Y
N,rival,SPECIES_CHINCHOU,170,Y
N,rival,SPECIES_SWINUB,220,Y
N,rival,SPECIES_SEEDOT,298,Y
N,rival,SPECIES_NINCADA,301,Y
N,rival,SPECIES_SNORUNT,346,Y
N,rival,SPECIES_LILEEP,388,Y
N,rival,SPECIES_ANORITH,390,Y
N,rival,SPECIES_SHELLOS,475,Y
N,rival,SPECIES_HIPPOPOTAS,502,Y
N,rival,SPECIES_SNOVER,512,Y
N,rival,SPECIES_PURRLOIN,562,Y
N,rival,SPECIES_PIDOVE,572,Y
N,rival,SPECIES_ROGGENROLA,577,Y
N,rival,SPECIES_WOOBAT,580,Y
N,rival,SPECIES_TIMBURR,585,Y
N,rival,SPECIES_TYMPOLE,588,Y
N,rival,SPECIES_SANDILE,604,Y
N,rival,SPECIES_DARUMAKA,607,Y
N,rival,SPECIES_SCRAGGY,612,Y
N,rival,SPECIES_SIGILYPH,614,Y
N,rival,SPECIES_TIRTOUGA,617,Y
N,rival,SPECIES_ARCHEN,619,Y
N,rival,SPECIES_ZORUA,623,Y
N,rival,SPECIES_VANILLITE,635,Y
N,rival,SPECIES_JOLTIK,648,Y
N,rival,SPECIES_FERROSEED,650,Y
N,rival,SPECIES_KLINK,652,Y
N,rival,SPECIES_RESHIRAM,696,Y
N,rival,SPECIES_ZEKROM,697,Y
N,rival,SPECIES_LANDORUS,698,Y
N,rival,SPECIES_KYUREM,699,Y
Nando,anime,SPECIES_SUNKERN,191,Y
Nando,anime,SPECIES_SWABLU,358,Y
Nando,anime,SPECIES_ANORITH,390,Y
Nando,anime,SPECIES_KRICKETOT,454,Y
Nando,anime,SPECIES_BUDEW,459,Y
Nando,anime,SPECIES_BUNEARY,480,Y
Nate,anime,SPECIES_GROWLITHE,58,Y
Nate,anime,SPECIES_RIOLU,500,Y
Nate,anime,SPECIES_SNIVY,548,Y
Nate,anime,SPECIES_TEPIG,551,Y
Nate,anime,SPECIES_OSHAWOTT,554,Y
Nate,anime,SPECIES_PANSAGE,564,Y
Nate,anime,SPECIES_PANSEAR,566,Y
Nate,anime,SPECIES_PANPOUR,568,Y
Nate,anime,SPECIES_MUNNA,570,Y
Nate,anime,SPECIES_ROGGENROLA,577,Y
Nate,anime,SPECIES_DRILBUR,582,Y
Nate,anime,SPECIES_AUDINO,584,Y
Nate,anime,SPECIES_TIMBURR,585,Y
Nate,anime,SPECIES_THROH,591,Y
Nate,anime,SPECIES_SAWK,592,Y
Nate,anime,SPECIES_PETILIL,601,Y
Nate,anime,SPECIES_SANDILE,604,Y
Nate,anime,SPECIES_DARUMAKA,607,Y
Nate,anime,SPECIES_SCRAGGY,612,Y
Nate,anime,SPECIES_YAMASK,615,Y
Nate,anime,SPECIES_ARCHEN,619,Y
Nate,anime,SPECIES_GOTHITA,627,Y
Nate,anime,SPECIES_SOLOSIS,630,Y
Nate,anime,SPECIES_VANILLITE,635,Y
Nate,anime,SPECIES_KARRABLAST,641,Y
Nate,anime,SPECIES_FOONGUS,643,Y
Nate,anime,SPECIES_FRILLISH,645,Y
Nate,anime,SPECIES_ALOMOMOLA,647,Y
Nate,anime,SPECIES_FERROSEED,650,Y
Nate,anime,SPECIES_KLINK,652,Y
Nate,anime,SPECIES_TYNAMO,655,Y
Nate,anime,SPECIES_LITWICK,660,Y
Nate,anime,SPECIES_AXEW,663,Y
Nate,anime,SPECIES_CUBCHOO,666,Y
Nate,anime,SPECIES_CRYOGONAL,668,Y
Nate,anime,SPECIES_SHELMET,669,Y
Nate,anime,SPECIES_MIENFOO,672,Y
Nate,anime,SPECIES_DRUDDIGON,674,Y
Nate,anime,SPECIES_GOLETT,675,Y
Nate,anime,SPECIES_PAWNIARD,677,Y
Nate,anime,SPECIES_BOUFFALANT,679,Y
Nate,anime,SPECIES_RUFFLET,680,Y
Nate,anime,SPECIES_VULLABY,682,Y
Nate,anime,SPECIES_DURANT,685,Y
Nemona,anime,SPECIES_TAUROS,128,Y
Nemona,anime,SPECIES_DUNSPARCE,206,Y
Nemona,anime,SPECIES_FEEBAS,328,Y
Nemona,anime,SPECIES_DUSKULL,361,Y
Nemona,anime,SPECIES_CHIMCHAR,443,Y
Nemona,anime,SPECIES_FROAKIE,764,Y
Nemona,anime,SPECIES_GOOMY,812,Y
Nemona,anime,SPECIES_ROWLET,939,Y
Nemona,anime,SPECIES_CUTIEFLY,959,Y
Nemona,anime,SPECIES_ROCKRUFF,961,Y
Nemona,anime,SPECIES_JANGMO_O,999,Y
Nessa,gymleader,SPECIES_GOLDEEN,118,Y
Nessa,gymleader,SPECIES_WOOPER,194,Y
Nessa,gymleader,SPECIES_WINGULL,309,Y
Nessa,gymleader,SPECIES_FEEBAS,328,Y
Nessa,gymleader,SPECIES_MAREANIE,964,Y
Nessa,gymleader,SPECIES_WIMPOD,984,Y
Nessa,gymleader,SPECIES_CHEWTLE,1125,Y
Nessa,gymleader,SPECIES_ARROKUDA,1138,Y
Nessa,gymleader,SPECIES_EISCUE,1167,Y
Noland,frontier,SPECIES_BULBASAUR,1,Y
Noland,frontier,SPECIES_SANDSHREW,27,Y
Noland,frontier,SPECIES_PSYDUCK,54,Y
Noland,frontier,SPECIES_MACHOP,66,Y
Noland,frontier,SPECIES_RHYHORN,111,Y
Noland,frontier,SPECIES_PINSIR,127,Y
Noland,frontier,SPECIES_ARTICUNO,144,Y
Noland,frontier,SPECIES_SMEARGLE,235,Y
Noland,frontier,SPECIES_NINCADA,301,Y
Noland,frontier,SPECIES_SHROOMISH,306,Y
Noland,frontier,SPECIES_TRAPINCH,332,Y
Noland,frontier,SPECIES_ELECTRIKE,337,Y
Noland,frontier,SPECIES_NUMEL,339,Y
Noland,frontier,SPECIES_MAWILE,355,Y
Noland,frontier,SPECIES_ARON,382,Y
Norman,gymleader,SPECIES_KANGASKHAN,115,Y
Norman,gymleader,SPECIES_TAUROS,128,Y
Norman,gymleader,SPECIES_AIPOM,190,Y
Norman,gymleader,SPECIES_ZIGZAGOON,288,Y
Norman,gymleader,SPECIES_SPINDA,308,Y
Norman,gymleader,SPECIES_KECLEON,317,Y
Norman,gymleader,SPECIES_SLAKOTH,364,Y
Norman,gymleader,SPECIES_WHISMUR,370,Y
Norman,gymleader,SPECIES_ZANGOOSE,380,Y
Norman,gymleader,SPECIES_CASTFORM,385,Y
Norman,gymleader,SPECIES_STARLY,449,Y
Norman,gymleader,SPECIES_HAPPINY,493,Y
Norman,gymleader,SPECIES_LILLIPUP,559,Y
Norman,gymleader,SPECIES_DEERLING,638,Y
Norman,gymleader,SPECIES_BOUFFALANT,679,Y
Oak,professor,SPECIES_BULBASAUR,1,Y
Oak,professor,SPECIES_CHARMANDER,4,Y
Oak,professor,SPECIES_SQUIRTLE,7,Y
Oak,professor,SPECIES_CATERPIE,10,Y
Oak,professor,SPECIES_WEEDLE,13,Y
Oak,professor,SPECIES_PIDGEY,16,Y
Oak,professor,SPECIES_RATTATA,19,Y
Oak,professor,SPECIES_SPEAROW,21,Y
Oak,professor,SPECIES_SANDSHREW,27,Y
Oak,professor,SPECIES_NIDORAN_F,29,Y
Oak,professor,SPECIES_NIDORAN_M,32,Y
Oak,professor,SPECIES_VULPIX,37,Y
Oak,professor,SPECIES_ODDISH,43,Y
Oak,professor,SPECIES_PARAS,46,Y
Oak,professor,SPECIES_DIGLETT,50,Y
Oak,professor,SPECIES_PSYDUCK,54,Y
Oak,professor,SPECIES_MANKEY,56,Y
Oak,professor,SPECIES_GROWLITHE,58,Y
Oak,professor,SPECIES_POLIWAG,60,Y
Oak,professor,SPECIES_BELLSPROUT,69,Y
Oak,professor,SPECIES_TENTACOOL,72,Y
Oak,professor,SPECIES_GEODUDE,74,Y
Oak,professor,SPECIES_PONYTA,77,Y
Oak,professor,SPECIES_SLOWPOKE,79,Y
Oak,professor,SPECIES_DODUO,84,Y
Oak,professor,SPECIES_SEEL,86,Y
Oak,professor,SPECIES_GRIMER,88,Y
Oak,professor,SPECIES_ONIX,95,Y
Oak,professor,SPECIES_KRABBY,98,Y
Oak,professor,SPECIES_VOLTORB,100,Y
Oak,professor,SPECIES_EXEGGCUTE,102,Y
Oak,professor,SPECIES_CUBONE,104,Y
Oak,professor,SPECIES_RHYHORN,111,Y
Oak,professor,SPECIES_TANGELA,114,Y
Oak,professor,SPECIES_HORSEA,116,Y
Oak,professor,SPECIES_GOLDEEN,118,Y
Oak,professor,SPECIES_STARYU,120,Y
Oak,professor,SPECIES_MAGIKARP,129,Y
Oak,professor,SPECIES_EEVEE,133,Y
Oak,professor,SPECIES_DRATINI,147,Y
Oak,professor,SPECIES_MEW,151,Y
Oak,professor,SPECIES_HOOTHOOT,163,Y
Oak,professor,SPECIES_PICHU,172,Y
Oak,professor,SPECIES_HOPPIP,187,Y
Oak,professor,SPECIES_WOOPER,194,Y
Oak,professor,SPECIES_CORSOLA,222,Y
Oak,professor,SPECIES_TAILLOW,304,Y
Oak,professor,SPECIES_STARLY,449,Y
Oak,professor,SPECIES_MUNCHLAX,499,Y
Oak,professor,SPECIES_ROTOM,532,Y
Oak,professor,SPECIES_PIDOVE,572,Y
Olivia,elite4,SPECIES_GEODUDE,74,Y
Olivia,elite4,SPECIES_NOSEPASS,320,Y
Olivia,elite4,SPECIES_RELICANTH,381,Y
Olivia,elite4,SPECIES_LILEEP,388,Y
Olivia,elite4,SPECIES_ANORITH,390,Y
Olivia,elite4,SPECIES_ROGGENROLA,577,Y
Olivia,elite4,SPECIES_CARBINK,811,Y
Olivia,elite4,SPECIES_ROCKRUFF,961,Y
Olivia,elite4,SPECIES_STUFFUL,976,Y
Olympia,gymleader,SPECIES_SLOWPOKE,79,Y
Olympia,gymleader,SPECIES_SIGILYPH,614,Y
Olympia,gymleader,SPECIES_ESPURR,785,Y
Opal,gymleader,SPECIES_KOFFING,109,Y
Opal,gymleader,SPECIES_TOGEPI,175,Y
Opal,gymleader,SPECIES_MAWILE,355,Y
Opal,gymleader,SPECIES_MILCERY,1160,Y
Palmer,frontier,SPECIES_RHYHORN,111,Y
Palmer,frontier,SPECIES_DRATINI,147,Y
Palmer,frontier,SPECIES_FEEBAS,328,Y
Palmer,frontier,SPECIES_CRANIDOS,461,Y
Palmer,frontier,SPECIES_HEATRAN,538,Y
Palmer,frontier,SPECIES_REGIGIGAS,539,Y
Palmer,frontier,SPECIES_CRESSELIA,541,Y
Paul,anime,SPECIES_NIDORAN_M,32,Y
Paul,anime,SPECIES_MAGIKARP,129,Y
Paul,anime,SPECIES_MURKROW,198,Y
Paul,anime,SPECIES_GLIGAR,207,Y
Paul,anime,SPECIES_SNEASEL,215,Y
Paul,anime,SPECIES_TEDDIURSA,216,Y
Paul,anime,SPECIES_STANTLER,234,Y
Paul,anime,SPECIES_ELEKID,239,Y
Paul,anime,SPECIES_MAGBY,240,Y
Paul,anime,SPECIES_NINCADA,301,Y
Paul,anime,SPECIES_MAKUHITA,335,Y
Paul,anime,SPECIES_SNORUNT,346,Y
Paul,anime,SPECIES_AZURILL,350,Y
Paul,anime,SPECIES_ARON,382,Y
Paul,anime,SPECIES_BELDUM,398,Y
Paul,anime,SPECIES_TURTWIG,440,Y
Paul,anime,SPECIES_CHIMCHAR,443,Y
Paul,anime,SPECIES_STARLY,449,Y
Paul,anime,SPECIES_SHELLOS,475,Y
Paul,anime,SPECIES_GIBLE,496,Y
Paul,anime,SPECIES_SKORUPI,504,Y
Penny,anime,SPECIES_EEVEE,133,Y
Phoebe,elite4,SPECIES_MISDREAVUS,200,Y
Phoebe,elite4,SPECIES_SABLEYE,322,Y
Phoebe,elite4,SPECIES_DUSKULL,361,Y
Phoebe,elite4,SPECIES_SHUPPET,377,Y
Phoebe,elite4,SPECIES_REGICE,402,Y
Phoebe,elite4,SPECIES_DRIFLOON,478,Y
Phoebe,elite4,SPECIES_YAMASK,615,Y
Phoebe,elite4,SPECIES_LITWICK,660,Y
Piers,gymleader,SPECIES_STUNKY,487,Y
Piers,gymleader,SPECIES_SCRAGGY,612,Y
Piers,gymleader,SPECIES_INKAY,794,Y
Piers,gymleader,SPECIES_TOXEL,1140,Y
Piers,gymleader,SPECIES_MORPEKO,1169,Y
Piers,gymleader,SPECIES_ZIGZAGOON_G,1226,Y
Plumeria,villain,SPECIES_ZUBAT,41,Y
Plumeria,villain,SPECIES_GRIMER,88,Y
Plumeria,villain,SPECIES_GASTLY,92,Y
Plumeria,villain,SPECIES_MAREANIE,964,Y
Plumeria,villain,SPECIES_FOMANTIS,970,Y
Plumeria,villain,SPECIES_SALANDIT,974,Y
Plumeria,villain,SPECIES_COSMOG,1006,Y
Pryce,gymleader,SPECIES_TENTACOOL,72,Y
Pryce,gymleader,SPECIES_SEEL,86,Y
Pryce,gymleader,SPECIES_SHELLDER,90,Y
Pryce,gymleader,SPECIES_LAPRAS,131,Y
Pryce,gymleader,SPECIES_ARTICUNO,144,Y
Pryce,gymleader,SPECIES_WOOPER,194,Y
Pryce,gymleader,SPECIES_GIRAFARIG,203,Y
Pryce,gymleader,SPECIES_SNEASEL,215,Y
Pryce,gymleader,SPECIES_TEDDIURSA,216,Y
Pryce,gymleader,SPECIES_SWINUB,220,Y
Pryce,gymleader,SPECIES_DELIBIRD,225,Y
Pryce,gymleader,SPECIES_PHANPY,231,Y
Pryce,gymleader,SPECIES_TYROGUE,236,Y
Pryce,gymleader,SPECIES_SMOOCHUM,238,Y
Pryce,gymleader,SPECIES_CELEBI,251,Y
Pryce,gymleader,SPECIES_SPHEAL,341,Y
Pryce,gymleader,SPECIES_SNORUNT,346,Y
Pryce,gymleader,SPECIES_SNOVER,512,Y
Raihan,gymleader,SPECIES_TORKOAL,321,Y
Raihan,gymleader,SPECIES_TRAPINCH,332,Y
Raihan,gymleader,SPECIES_ROGGENROLA,577,Y
Raihan,gymleader,SPECIES_GOOMY,812,Y
Raihan,gymleader,SPECIES_TURTONATOR,993,Y
Raihan,gymleader,SPECIES_SILICOBRA,1135,Y
Raihan,gymleader,SPECIES_DURALUDON,1176,Y
Ramos,gymleader,SPECIES_ODDISH,43,Y
Ramos,gymleader,SPECIES_BELLSPROUT,69,Y
Ramos,gymleader,SPECIES_EXEGGCUTE,102,Y
Ramos,gymleader,SPECIES_HOPPIP,187,Y
Ramos,gymleader,SPECIES_SUNKERN,191,Y
Ramos,gymleader,SPECIES_SKIDDO,780,Y
Red,protagonist,SPECIES_BULBASAUR,1,Y
Red,protagonist,SPECIES_CHARMANDER,4,Y
Red,protagonist,SPECIES_SQUIRTLE,7,Y
Red,protagonist,SPECIES_PIDGEY,16,Y
Red,protagonist,SPECIES_RATTATA,19,Y
Red,protagonist,SPECIES_SPEAROW,21,Y
Red,protagonist,SPECIES_EKANS,23,Y
Red,protagonist,SPECIES_NIDORAN_F,29,Y
Red,protagonist,SPECIES_MEOWTH,52,Y
Red,protagonist,SPECIES_PSYDUCK,54,Y
Red,protagonist,SPECIES_GROWLITHE,58,Y
Red,protagonist,SPECIES_MACHOP,66,Y
Red,protagonist,SPECIES_BELLSPROUT,69,Y
Red,protagonist,SPECIES_TENTACOOL,72,Y
Red,protagonist,SPECIES_PONYTA,77,Y
Red,protagonist,SPECIES_DODUO,84,Y
Red,protagonist,SPECIES_GASTLY,92,Y
Red,protagonist,SPECIES_SCYTHER,123,Y
Red,protagonist,SPECIES_TAUROS,128,Y
Red,protagonist,SPECIES_MAGIKARP,129,Y
Red,protagonist,SPECIES_LAPRAS,131,Y
Red,protagonist,SPECIES_EEVEE,133,Y
Red,protagonist,SPECIES_KABUTO,140,Y
Red,protagonist,SPECIES_ARTICUNO,144,Y
Red,protagonist,SPECIES_ZAPDOS,145,Y
Red,protagonist,SPECIES_MOLTRES,146,Y
Red,protagonist,SPECIES_DRATINI,147,Y
Red,protagonist,SPECIES_MEWTWO,150,Y
Red,protagonist,SPECIES_CHIKORITA,152,Y
Red,protagonist,SPECIES_CYNDAQUIL,155,Y
Red,protagonist,SPECIES_TOTODILE,158,Y
Red,protagonist,SPECIES_PICHU,172,Y
Red,protagonist,SPECIES_TYROGUE,236,Y
Red,protagonist,SPECIES_RAIKOU,243,Y
Red,protagonist,SPECIES_ENTEI,244,Y
Red,protagonist,SPECIES_SUICUNE,245,Y
Red,protagonist,SPECIES_HAPPINY,493,Y
Red,protagonist,SPECIES_MUNCHLAX,499,Y
Rei,protagonist,SPECIES_CYNDAQUIL,155,Y
Rei,protagonist,SPECIES_PICHU,172,Y
Rei,protagonist,SPECIES_CLEFFA,173,Y
Rei,protagonist,SPECIES_TURTWIG,440,Y
Rei,protagonist,SPECIES_CHIMCHAR,443,Y
Rei,protagonist,SPECIES_PIPLUP,446,Y
Rei,protagonist,SPECIES_STARLY,449,Y
Rei,protagonist,SPECIES_MIME_JR,492,Y
Rei,protagonist,SPECIES_OSHAWOTT,554,Y
Rei,protagonist,SPECIES_ROWLET,939,Y
Rika,anime,SPECIES_DIGLETT,50,Y
Rika,anime,SPECIES_WOOPER,194,Y
Rika,anime,SPECIES_PHANPY,231,Y
Rika,anime,SPECIES_BARBOACH,323,Y
Rika,anime,SPECIES_NUMEL,339,Y
Rika,anime,SPECIES_TURTWIG,440,Y
Ritchie,anime,SPECIES_CHARMANDER,4,Y
Ritchie,anime,SPECIES_CATERPIE,10,Y
Ritchie,anime,SPECIES_EEVEE,133,Y
Ritchie,anime,SPECIES_PICHU,172,Y
Ritchie,anime,SPECIES_LARVITAR,246,Y
Ritchie,anime,SPECIES_TAILLOW,304,Y
Roark,gymleader,SPECIES_GEODUDE,74,Y
Roark,gymleader,SPECIES_SLOWPOKE,79,Y
Roark,gymleader,SPECIES_ONIX,95,Y
Roark,gymleader,SPECIES_AERODACTYL,142,Y
Roark,gymleader,SPECIES_LARVITAR,246,Y
Roark,gymleader,SPECIES_NOSEPASS,320,Y
Roark,gymleader,SPECIES_TORKOAL,321,Y
Roark,gymleader,SPECIES_LUNATONE,348,Y
Roark,gymleader,SPECIES_RELICANTH,381,Y
Roark,gymleader,SPECIES_ANORITH,390,Y
Roark,gymleader,SPECIES_BAGON,395,Y
Roark,gymleader,SPECIES_CRANIDOS,461,Y
Roark,gymleader,SPECIES_BONSLY,491,Y
Roark,gymleader,SPECIES_DWEBBLE,610,Y
Roark,gymleader,SPECIES_ARCHEN,619,Y
Rosa,anime,SPECIES_DELIBIRD,225,Y
Rosa,anime,SPECIES_SHAYMIN,545,Y
Rosa,anime,SPECIES_SNIVY,548,Y
Rosa,anime,SPECIES_TEPIG,551,Y
Rosa,anime,SPECIES_OSHAWOTT,554,Y
Rosa,anime,SPECIES_PANSAGE,564,Y
Rosa,anime,SPECIES_PANSEAR,566,Y
Rosa,anime,SPECIES_PANPOUR,568,Y
Rosa,anime,SPECIES_MUNNA,570,Y
Rosa,anime,SPECIES_ROGGENROLA,577,Y
Rosa,anime,SPECIES_DRILBUR,582,Y
Rosa,anime,SPECIES_AUDINO,584,Y
Rosa,anime,SPECIES_TIMBURR,585,Y
Rosa,anime,SPECIES_THROH,591,Y
Rosa,anime,SPECIES_SAWK,592,Y
Rosa,anime,SPECIES_PETILIL,601,Y
Rosa,anime,SPECIES_SANDILE,604,Y
Rosa,anime,SPECIES_DARUMAKA,607,Y
Rosa,anime,SPECIES_SCRAGGY,612,Y
Rosa,anime,SPECIES_YAMASK,615,Y
Rosa,anime,SPECIES_ARCHEN,619,Y
Rosa,anime,SPECIES_GOTHITA,627,Y
Rosa,anime,SPECIES_SOLOSIS,630,Y
Rosa,anime,SPECIES_VANILLITE,635,Y
Rosa,anime,SPECIES_DEERLING,638,Y
Rosa,anime,SPECIES_KARRABLAST,641,Y
Rosa,anime,SPECIES_FOONGUS,643,Y
Rosa,anime,SPECIES_FRILLISH,645,Y
Rosa,anime,SPECIES_ALOMOMOLA,647,Y
Rosa,anime,SPECIES_FERROSEED,650,Y
Rosa,anime,SPECIES_KLINK,652,Y
Rosa,anime,SPECIES_TYNAMO,655,Y
Rosa,anime,SPECIES_LITWICK,660,Y
Rosa,anime,SPECIES_AXEW,663,Y
Rosa,anime,SPECIES_CUBCHOO,666,Y
Rosa,anime,SPECIES_CRYOGONAL,668,Y
Rosa,anime,SPECIES_SHELMET,669,Y
Rosa,anime,SPECIES_MIENFOO,672,Y
Rosa,anime,SPECIES_DRUDDIGON,674,Y
Rosa,anime,SPECIES_GOLETT,675,Y
Rosa,anime,SPECIES_PAWNIARD,677,Y
Rosa,anime,SPECIES_BOUFFALANT,679,Y
Rosa,anime,SPECIES_RUFFLET,680,Y
Rosa,anime,SPECIES_VULLABY,682,Y
Rosa,anime,SPECIES_DURANT,685,Y
Rosa,anime,SPECIES_MELOETTA,701,Y
Rose,villain,SPECIES_KARRABLAST,641,Y
Rose,villain,SPECIES_FERROSEED,650,Y
Rose,villain,SPECIES_KLINK,652,Y
Rose,villain,SPECIES_HATENNA,1148,Y
Rose,villain,SPECIES_CUFANT,1170,Y
Rose,villain,SPECIES_ETERNATUS,1182,Y
Rose,villain,SPECIES_MEOWTH_G,1212,Y
Rowan,professor,SPECIES_TURTWIG,440,Y
Rowan,professor,SPECIES_CHIMCHAR,443,Y
Rowan,professor,SPECIES_PIPLUP,446,Y
Rowan,professor,SPECIES_STARLY,449,Y
Rowan,professor,SPECIES_KRICKETOT,454,Y
Rowan,professor,SPECIES_SHINX,456,Y
Roxanne,gymleader,SPECIES_GEODUDE,74,Y
Roxanne,gymleader,SPECIES_ONIX,95,Y
Roxanne,gymleader,SPECIES_OMANYTE,138,Y
Roxanne,gymleader,SPECIES_KABUTO,140,Y
Roxanne,gymleader,SPECIES_AERODACTYL,142,Y
Roxanne,gymleader,SPECIES_NOSEPASS,320,Y
Roxanne,gymleader,SPECIES_RELICANTH,381,Y
Roxanne,gymleader,SPECIES_ARON,382,Y
Roxanne,gymleader,SPECIES_LILEEP,388,Y
Roxanne,gymleader,SPECIES_ANORITH,390,Y
Roxanne,gymleader,SPECIES_TIRTOUGA,617,Y
Roxanne,gymleader,SPECIES_YAMASK_G,1232,Y
Roxie,gymleader,SPECIES_ZUBAT,41,Y
Roxie,gymleader,SPECIES_GRIMER,88,Y
Roxie,gymleader,SPECIES_KOFFING,109,Y
Roxie,gymleader,SPECIES_SEVIPER,379,Y
Roxie,gymleader,SPECIES_SKORUPI,504,Y
Roxie,gymleader,SPECIES_CROAGUNK,506,Y
Roxie,gymleader,SPECIES_VENIPEDE,596,Y
Roxie,gymleader,SPECIES_TRUBBISH,621,Y
Roxie,gymleader,SPECIES_FOONGUS,643,Y
Roxie,gymleader,SPECIES_TOXEL,1140,Y
Sabrina,gymleader,SPECIES_SANDSHREW,27,Y
Sabrina,gymleader,SPECIES_VENONAT,48,Y
Sabrina,gymleader,SPECIES_ABRA,63,Y
Sabrina,gymleader,SPECIES_SLOWPOKE,79,Y
Sabrina,gymleader,SPECIES_GASTLY,92,Y
Sabrina,gymleader,SPECIES_DROWZEE,96,Y
Sabrina,gymleader,SPECIES_EXEGGCUTE,102,Y
Sabrina,gymleader,SPECIES_SCYTHER,123,Y
Sabrina,gymleader,SPECIES_EEVEE,133,Y
Sabrina,gymleader,SPECIES_MOLTRES,146,Y
Sabrina,gymleader,SPECIES_MEWTWO,150,Y
Sabrina,gymleader,SPECIES_CYNDAQUIL,155,Y
Sabrina,gymleader,SPECIES_SENTRET,161,Y
Sabrina,gymleader,SPECIES_IGGLYBUFF,174,Y
Sabrina,gymleader,SPECIES_TYROGUE,236,Y
Sabrina,gymleader,SPECIES_SMOOCHUM,238,Y
Sabrina,gymleader,SPECIES_WYNAUT,360,Y
Sabrina,gymleader,SPECIES_RALTS,392,Y
Sabrina,gymleader,SPECIES_BELDUM,398,Y
Sabrina,gymleader,SPECIES_CHINGLING,486,Y
Sabrina,gymleader,SPECIES_MIME_JR,492,Y
Sabrina,gymleader,SPECIES_MUNCHLAX,499,Y
Sabrina,gymleader,SPECIES_WOOBAT,580,Y
Sabrina,gymleader,SPECIES_SIGILYPH,614,Y
Samson Oak,professor,SPECIES_RATTATA,19,Y
Samson Oak,professor,SPECIES_VULPIX,37,Y
Samson Oak,professor,SPECIES_GEODUDE,74,Y
Samson Oak,professor,SPECIES_EXEGGCUTE,102,Y
Samson Oak,professor,SPECIES_CUBONE,104,Y
Samson Oak,professor,SPECIES_YUNGOOS,951,Y
Samson Oak,professor,SPECIES_GRUBBIN,953,Y
Samson Oak,professor,SPECIES_CUTIEFLY,959,Y
Samson Oak,professor,SPECIES_DEWPIDER,968,Y
Samson Oak,professor,SPECIES_FOMANTIS,970,Y
Samson Oak,professor,SPECIES_SALANDIT,974,Y
Samson Oak,professor,SPECIES_KOMALA,992,Y
Samson Oak,professor,SPECIES_TOGEDEMARU,994,Y
Samson Oak,professor,SPECIES_MIMIKYU,995,Y
Samson Oak,professor,SPECIES_JANGMO_O,999,Y
Saturn,villain,SPECIES_ZUBAT,41,Y
Saturn,villain,SPECIES_ABRA,63,Y
Saturn,villain,SPECIES_RHYHORN,111,Y
Saturn,villain,SPECIES_REMORAID,223,Y
Saturn,villain,SPECIES_MAGBY,240,Y
Saturn,villain,SPECIES_LARVITAR,246,Y
Saturn,villain,SPECIES_SABLEYE,322,Y
Saturn,villain,SPECIES_CARVANHA,330,Y
Saturn,villain,SPECIES_ABSOL,376,Y
Saturn,villain,SPECIES_RALTS,392,Y
Saturn,villain,SPECIES_STUNKY,487,Y
Saturn,villain,SPECIES_BRONZOR,489,Y
Saturn,villain,SPECIES_CROAGUNK,506,Y
Saturn,villain,SPECIES_HEATRAN,538,Y
Sawyer,anime,SPECIES_TREECKO,277,Y
Sawyer,anime,SPECIES_SLAKOTH,364,Y
Sawyer,anime,SPECIES_BAGON,395,Y
Sawyer,anime,SPECIES_HONEDGE,787,Y
Sawyer,anime,SPECIES_SWIRLIX,792,Y
Sawyer,anime,SPECIES_CLAUNCHER,800,Y
Selene,anime,SPECIES_SCYTHER,123,Y
Selene,anime,SPECIES_EEVEE,133,Y
Selene,anime,SPECIES_ROTOM,532,Y
Selene,anime,SPECIES_ROWLET,939,Y
Selene,anime,SPECIES_LITTEN,942,Y
Selene,anime,SPECIES_POPPLIO,945,Y
Selene,anime,SPECIES_TYPE_NULL,989,Y
Selene,anime,SPECIES_COSMOG,1006,Y
Selene,anime,SPECIES_NIHILEGO,1010,Y
Selene,anime,SPECIES_BUZZWOLE,1011,Y
Selene,anime,SPECIES_PHEROMOSA,1012,Y
Selene,anime,SPECIES_XURKITREE,1013,Y
Selene,anime,SPECIES_CELESTEELA,1014,Y
Selene,anime,SPECIES_KARTANA,1015,Y
Selene,anime,SPECIES_GUZZLORD,1016,Y
Selene,anime,SPECIES_NECROZMA,1017,Y
Serena,anime,SPECIES_EEVEE,133,Y
Serena,anime,SPECIES_CLEFFA,173,Y
Serena,anime,SPECIES_SWABLU,358,Y
Serena,anime,SPECIES_ABSOL,376,Y
Serena,anime,SPECIES_COTTONEE,599,Y
Serena,anime,SPECIES_CHESPIN,758,Y
Serena,anime,SPECIES_FENNEKIN,761,Y
Serena,anime,SPECIES_FROAKIE,764,Y
Serena,anime,SPECIES_BUNNELBY,767,Y
Serena,anime,SPECIES_FLETCHLING,769,Y
Serena,anime,SPECIES_PANCHAM,782,Y
Serena,anime,SPECIES_ESPURR,785,Y
Serena,anime,SPECIES_XERNEAS,824,Y
Serena,anime,SPECIES_YVELTAL,825,Y
Serena,anime,SPECIES_ZYGARDE,826,Y
Shauna,rival,SPECIES_BULBASAUR,1,Y
Shauna,rival,SPECIES_EEVEE,133,Y
Shauna,rival,SPECIES_SKITTY,315,Y
Shauna,rival,SPECIES_GOTHITA,627,Y
Shauna,rival,SPECIES_CHESPIN,758,Y
Shauna,rival,SPECIES_FENNEKIN,761,Y
Shauna,rival,SPECIES_FROAKIE,764,Y
Shauna,rival,SPECIES_FLABEBE,777,Y
Shauna,rival,SPECIES_FURFROU,784,Y
Shauna,rival,SPECIES_SWIRLIX,792,Y
Shauna,rival,SPECIES_GOOMY,812,Y
Shauna,rival,SPECIES_KLEFKI,815,Y
Shauntal,elite4,SPECIES_GASTLY,92,Y
Shauntal,elite4,SPECIES_MISDREAVUS,200,Y
Shauntal,elite4,SPECIES_SNORUNT,346,Y
Shauntal,elite4,SPECIES_SHUPPET,377,Y
Shauntal,elite4,SPECIES_DRIFLOON,478,Y
Shauntal,elite4,SPECIES_YAMASK,615,Y
Shauntal,elite4,SPECIES_FRILLISH,645,Y
Shauntal,elite4,SPECIES_LITWICK,660,Y
Shauntal,elite4,SPECIES_GOLETT,675,Y
Sidney,elite4,SPECIES_POOCHYENA,286,Y
Sidney,elite4,SPECIES_SEEDOT,298,Y
Sidney,elite4,SPECIES_CORPHISH,326,Y
Sidney,elite4,SPECIES_CARVANHA,330,Y
Sidney,elite4,SPECIES_CACNEA,344,Y
Sidney,elite4,SPECIES_ABSOL,376,Y
Sidney,elite4,SPECIES_ZANGOOSE,380,Y
Sidney,elite4,SPECIES_REGIROCK,401,Y
Sidney,elite4,SPECIES_SCRAGGY,612,Y
Sidney,elite4,SPECIES_ZORUA,623,Y
Sidney,elite4,SPECIES_VULLABY,682,Y
Siebold,elite4,SPECIES_SQUIRTLE,7,Y
Siebold,elite4,SPECIES_STARYU,120,Y
Siebold,elite4,SPECIES_MAGIKARP,129,Y
Siebold,elite4,SPECIES_REMORAID,223,Y
Siebold,elite4,SPECIES_BINACLE,796,Y
Siebold,elite4,SPECIES_CLAUNCHER,800,Y
Silver,rival,SPECIES_NIDORAN_M,32,Y
Silver,rival,SPECIES_ZUBAT,41,Y
Silver,rival,SPECIES_ABRA,63,Y
Silver,rival,SPECIES_MAGNEMITE,81,Y
Silver,rival,SPECIES_GASTLY,92,Y
Silver,rival,SPECIES_MEWTWO,150,Y
Silver,rival,SPECIES_CHIKORITA,152,Y
Silver,rival,SPECIES_CYNDAQUIL,155,Y
Silver,rival,SPECIES_TOTODILE,158,Y
Silver,rival,SPECIES_SNEASEL,215,Y
Silver,rival,SPECIES_LARVITAR,246,Y
Silver,rival,SPECIES_LUGIA,249,Y
Silver,rival,SPECIES_HO_OH,250,Y
Skyla,gymleader,SPECIES_TOGEPI,175,Y
Skyla,gymleader,SPECIES_HOPPIP,187,Y
Skyla,gymleader,SPECIES_SKARMORY,227,Y
Skyla,gymleader,SPECIES_DRIFLOON,478,Y
Skyla,gymleader,SPECIES_PIDOVE,572,Y
Skyla,gymleader,SPECIES_WOOBAT,580,Y
Skyla,gymleader,SPECIES_SIGILYPH,614,Y
Skyla,gymleader,SPECIES_ARCHEN,619,Y
Skyla,gymleader,SPECIES_DUCKLETT,633,Y
Skyla,gymleader,SPECIES_RUFFLET,680,Y
Skyla,gymleader,SPECIES_VULLABY,682,Y
Skyla,gymleader,SPECIES_TORNADUS,694,Y
Sonia,professor,SPECIES_ROTOM,532,Y
Sonia,professor,SPECIES_BOUNSWEET,978,Y
Sonia,professor,SPECIES_ROOKIDEE,1113,Y
Sonia,professor,SPECIES_YAMPER,1127,Y
Sophocles,anime,SPECIES_GEODUDE,74,Y
Sophocles,anime,SPECIES_MAGNEMITE,81,Y
Sophocles,anime,SPECIES_ELEKID,239,Y
Sophocles,anime,SPECIES_GRUBBIN,953,Y
Sophocles,anime,SPECIES_TOGEDEMARU,994,Y
Spenser,frontier,SPECIES_BULBASAUR,1,Y
Spenser,frontier,SPECIES_ZUBAT,41,Y
Spenser,frontier,SPECIES_GROWLITHE,58,Y
Spenser,frontier,SPECIES_LAPRAS,131,Y
Spenser,frontier,SPECIES_SUICUNE,245,Y
Spenser,frontier,SPECIES_SEEDOT,298,Y
Spenser,frontier,SPECIES_BALTOY,318,Y
Spenser,frontier,SPECIES_AZURILL,350,Y
Spenser,frontier,SPECIES_DUSKULL,361,Y
Spenser,frontier,SPECIES_SLAKOTH,364,Y
Spenser,frontier,SPECIES_HAPPINY,493,Y
Steven,champion,SPECIES_SANDSHREW,27,Y
Steven,champion,SPECIES_AERODACTYL,142,Y
Steven,champion,SPECIES_SKARMORY,227,Y
Steven,champion,SPECIES_TREECKO,277,Y
Steven,champion,SPECIES_TORCHIC,280,Y
Steven,champion,SPECIES_MUDKIP,283,Y
Steven,champion,SPECIES_BALTOY,318,Y
Steven,champion,SPECIES_ARON,382,Y
Steven,champion,SPECIES_LILEEP,388,Y
Steven,champion,SPECIES_ANORITH,390,Y
Steven,champion,SPECIES_BELDUM,398,Y
Steven,champion,SPECIES_REGISTEEL,403,Y
Steven,champion,SPECIES_RAYQUAZA,406,Y
Steven,champion,SPECIES_DEOXYS,410,Y
Steven,champion,SPECIES_LILLIPUP,559,Y
Steven,champion,SPECIES_DRILBUR,582,Y
Steven,champion,SPECIES_ARCHEN,619,Y
Steven,champion,SPECIES_CARBINK,811,Y
Sycamore,professor,SPECIES_BULBASAUR,1,Y
Sycamore,professor,SPECIES_CHARMANDER,4,Y
Sycamore,professor,SPECIES_SQUIRTLE,7,Y
Sycamore,professor,SPECIES_CATERPIE,10,Y
Sycamore,professor,SPECIES_WEEDLE,13,Y
Sycamore,professor,SPECIES_PSYDUCK,54,Y
Sycamore,professor,SPECIES_ZIGZAGOON,288,Y
Sycamore,professor,SPECIES_AZURILL,350,Y
Sycamore,professor,SPECIES_COMBEE,468,Y
Sycamore,professor,SPECIES_GIBLE,496,Y
Sycamore,professor,SPECIES_CHESPIN,758,Y
Sycamore,professor,SPECIES_FENNEKIN,761,Y
Sycamore,professor,SPECIES_FROAKIE,764,Y
Sycamore,professor,SPECIES_FLETCHLING,769,Y
Sycamore,professor,SPECIES_SCATTERBUG,772,Y
Sycamore,professor,SPECIES_SKIDDO,780,Y
Sycamore,professor,SPECIES_HELIOPTILE,802,Y
Sycamore,professor,SPECIES_XERNEAS,824,Y
Tate,gymleader,SPECIES_SLOWPOKE,79,Y
Tate,gymleader,SPECIES_DROWZEE,96,Y
Tate,gymleader,SPECIES_NATU,177,Y
Tate,gymleader,SPECIES_BALTOY,318,Y
Tate,gymleader,SPECIES_SOLROCK,349,Y
Tate,gymleader,SPECIES_SPOINK,351,Y
Tate,gymleader,SPECIES_RALTS,392,Y
Tate,gymleader,SPECIES_JIRACHI,409,Y
Tate,gymleader,SPECIES_CHINGLING,486,Y
Tate,gymleader,SPECIES_BRONZOR,489,Y
Tate,gymleader,SPECIES_SOLOSIS,630,Y
Thorton,frontier,SPECIES_MAGNEMITE,81,Y
Thorton,frontier,SPECIES_SKARMORY,227,Y
Thorton,frontier,SPECIES_ELEKID,239,Y
Thorton,frontier,SPECIES_BRONZOR,489,Y
Thorton,frontier,SPECIES_REGIGIGAS,539,Y
Tobias,anime,SPECIES_LATIOS,408,Y
Tobias,anime,SPECIES_DARKRAI,544,Y
Tracey,anime,SPECIES_VENONAT,48,Y
Tracey,anime,SPECIES_SCYTHER,123,Y
Tracey,anime,SPECIES_AZURILL,350,Y
Trip,anime,SPECIES_SNIVY,548,Y
Trip,anime,SPECIES_PIDOVE,572,Y
Trip,anime,SPECIES_TIMBURR,585,Y
Trip,anime,SPECIES_VANILLITE,635,Y
Trip,anime,SPECIES_FRILLISH,645,Y
Trip,anime,SPECIES_LITWICK,660,Y
Tucker,frontier,SPECIES_CHARMANDER,4,Y
Tucker,frontier,SPECIES_GROWLITHE,58,Y
Tucker,frontier,SPECIES_MUDKIP,283,Y
Tucker,frontier,SPECIES_BAGON,395,Y
Tucker,frontier,SPECIES_BELDUM,398,Y
Tucker,frontier,SPECIES_LATIAS,407,Y
Valerie,gymleader,SPECIES_EEVEE,133,Y
Valerie,gymleader,SPECIES_MAWILE,355,Y
Valerie,gymleader,SPECIES_MIME_JR,492,Y
Valerie,gymleader,SPECIES_SPRITZEE,790,Y
Victor,anime,SPECIES_GROOKEY,1102,Y
Victor,anime,SPECIES_SCORBUNNY,1105,Y
Victor,anime,SPECIES_SOBBLE,1108,Y
Victor,anime,SPECIES_SKWOVET,1111,Y
Victor,anime,SPECIES_ETERNATUS,1182,Y
Victor,anime,SPECIES_KUBFU,1183,Y
Victor,anime,SPECIES_GLASTRIER,1188,Y
Victor,anime,SPECIES_SPECTRIER,1189,Y
Victor,anime,SPECIES_CALYREX,1190,Y
Victor,anime,SPECIES_FARFETCHD_G,1217,Y
Viola,gymleader,SPECIES_SURSKIT,311,Y
Viola,gymleader,SPECIES_SCATTERBUG,772,Y
Volkner,gymleader,SPECIES_MAGNEMITE,81,Y
Volkner,gymleader,SPECIES_VOLTORB,100,Y
Volkner,gymleader,SPECIES_MAGIKARP,129,Y
Volkner,gymleader,SPECIES_EEVEE,133,Y
Volkner,gymleader,SPECIES_ZAPDOS,145,Y
Volkner,gymleader,SPECIES_CHINCHOU,170,Y
Volkner,gymleader,SPECIES_PICHU,172,Y
Volkner,gymleader,SPECIES_AIPOM,190,Y
Volkner,gymleader,SPECIES_REMORAID,223,Y
Volkner,gymleader,SPECIES_ELEKID,239,Y
Volkner,gymleader,SPECIES_MUDKIP,283,Y
Volkner,gymleader,SPECIES_WINGULL,309,Y
Volkner,gymleader,SPECIES_SHINX,456,Y
Volkner,gymleader,SPECIES_PACHIRISU,470,Y
Volkner,gymleader,SPECIES_ROTOM,532,Y
Volkner,gymleader,SPECIES_BLITZLE,575,Y
Volkner,gymleader,SPECIES_JOLTIK,648,Y
Volkner,gymleader,SPECIES_TYNAMO,655,Y
Volo,villain,SPECIES_GROWLITHE,58,Y
Volo,villain,SPECIES_TOGEPI,175,Y
Volo,villain,SPECIES_BUDEW,459,Y
Volo,villain,SPECIES_SPIRITOMB,495,Y
Volo,villain,SPECIES_GIBLE,496,Y
Volo,villain,SPECIES_RIOLU,500,Y
Volo,villain,SPECIES_GIRATINA,540,Y
Volo,villain,SPECIES_GROWLITHE_H,1234,Y
Wallace,champion,SPECIES_TENTACOOL,72,Y
Wallace,champion,SPECIES_GOLDEEN,118,Y
Wallace,champion,SPECIES_STARYU,120,Y
Wallace,champion,SPECIES_MAGIKARP,129,Y
Wallace,champion,SPECIES_MUDKIP,283,Y
Wallace,champion,SPECIES_LOTAD,295,Y
Wallace,champion,SPECIES_WAILMER,313,Y
Wallace,champion,SPECIES_BARBOACH,323,Y
Wallace,champion,SPECIES_LUVDISC,325,Y
Wallace,champion,SPECIES_FEEBAS,328,Y
Wallace,champion,SPECIES_CARVANHA,330,Y
Wallace,champion,SPECIES_SPHEAL,341,Y
Wallace,champion,SPECIES_CLAMPERL,373,Y
Wallace,champion,SPECIES_BLACEPHALON,1077,Y
Wally,rival,SPECIES_MAGNEMITE,81,Y
Wally,rival,SPECIES_SKITTY,315,Y
Wally,rival,SPECIES_AZURILL,350,Y
Wally,rival,SPECIES_SWABLU,358,Y
Wally,rival,SPECIES_RALTS,392,Y
Wally,rival,SPECIES_BUDEW,459,Y
Wally,rival,SPECIES_GIBLE,496,Y
Wally,rival,SPECIES_FLETCHLING,769,Y
Wattson,gymleader,SPECIES_MAGNEMITE,81,Y
Wattson,gymleader,SPECIES_VOLTORB,100,Y
Wattson,gymleader,SPECIES_PICHU,172,Y
Wattson,gymleader,SPECIES_MAREEP,179,Y
Wattson,gymleader,SPECIES_ELEKID,239,Y
Wattson,gymleader,SPECIES_ELECTRIKE,337,Y
Wattson,gymleader,SPECIES_PLUSLE,353,Y
Wattson,gymleader,SPECIES_MINUN,354,Y
Wattson,gymleader,SPECIES_ROTOM,532,Y
Whitney,gymleader,SPECIES_NIDORAN_F,29,Y
Whitney,gymleader,SPECIES_ODDISH,43,Y
Whitney,gymleader,SPECIES_MEOWTH,52,Y
Whitney,gymleader,SPECIES_PSYDUCK,54,Y
Whitney,gymleader,SPECIES_DODUO,84,Y
Whitney,gymleader,SPECIES_LICKITUNG,108,Y
Whitney,gymleader,SPECIES_TAUROS,128,Y
Whitney,gymleader,SPECIES_DITTO,132,Y
Whitney,gymleader,SPECIES_CLEFFA,173,Y
Whitney,gymleader,SPECIES_IGGLYBUFF,174,Y
Whitney,gymleader,SPECIES_AIPOM,190,Y
Whitney,gymleader,SPECIES_GIRAFARIG,203,Y
Whitney,gymleader,SPECIES_TEDDIURSA,216,Y
Whitney,gymleader,SPECIES_PHANPY,231,Y
Whitney,gymleader,SPECIES_STANTLER,234,Y
Whitney,gymleader,SPECIES_SMEARGLE,235,Y
Whitney,gymleader,SPECIES_MAGBY,240,Y
Whitney,gymleader,SPECIES_MILTANK,241,Y
Whitney,gymleader,SPECIES_SKITTY,315,Y
Whitney,gymleader,SPECIES_BIDOOF,452,Y
Whitney,gymleader,SPECIES_BUNEARY,480,Y
Whitney,gymleader,SPECIES_MIME_JR,492,Y
Whitney,gymleader,SPECIES_HAPPINY,493,Y
Whitney,gymleader,SPECIES_PATRAT,557,Y
Whitney,gymleader,SPECIES_MINCCINO,625,Y
Whitney,gymleader,SPECIES_DEERLING,638,Y
Wikstrom,elite4,SPECIES_SCYTHER,123,Y
Wikstrom,elite4,SPECIES_NOSEPASS,320,Y
Wikstrom,elite4,SPECIES_KARRABLAST,641,Y
Wikstrom,elite4,SPECIES_LITWICK,660,Y
Wikstrom,elite4,SPECIES_HONEDGE,787,Y
Wikstrom,elite4,SPECIES_DEDENNE,810,Y
Wikstrom,elite4,SPECIES_KLEFKI,815,Y
Will,elite4,SPECIES_ABRA,63,Y
Will,elite4,SPECIES_SLOWPOKE,79,Y
Will,elite4,SPECIES_DROWZEE,96,Y
Will,elite4,SPECIES_EXEGGCUTE,102,Y
Will,elite4,SPECIES_EEVEE,133,Y
Will,elite4,SPECIES_CLEFFA,173,Y
Will,elite4,SPECIES_NATU,177,Y
Will,elite4,SPECIES_GIRAFARIG,203,Y
Will,elite4,SPECIES_SMOOCHUM,238,Y
Will,elite4,SPECIES_ELEKID,239,Y
Will,elite4,SPECIES_SPOINK,351,Y
Will,elite4,SPECIES_RALTS,392,Y
Will,elite4,SPECIES_BRONZOR,489,Y
Will,elite4,SPECIES_HAPPINY,493,Y
Will,elite4,SPECIES_MANTYKE,511,Y
Winona,gymleader,SPECIES_MAGIKARP,129,Y
Winona,gymleader,SPECIES_DRATINI,147,Y
Winona,gymleader,SPECIES_HOOTHOOT,163,Y
Winona,gymleader,SPECIES_MURKROW,198,Y
Winona,gymleader,SPECIES_SKARMORY,227,Y
Winona,gymleader,SPECIES_WURMPLE,290,Y
Winona,gymleader,SPECIES_TAILLOW,304,Y
Winona,gymleader,SPECIES_WINGULL,309,Y
Winona,gymleader,SPECIES_SURSKIT,311,Y
Winona,gymleader,SPECIES_SWABLU,358,Y
Winona,gymleader,SPECIES_TROPIUS,369,Y
Winona,gymleader,SPECIES_RAYQUAZA,406,Y
Winona,gymleader,SPECIES_SIGILYPH,614,Y
Wulfric,gymleader,SPECIES_SNOVER,512,Y
Wulfric,gymleader,SPECIES_CRYOGONAL,668,Y
Wulfric,gymleader,SPECIES_BERGMITE,820,Y
Zisu,galaxy,SPECIES_PONYTA,77,Y
Zisu,galaxy,SPECIES_ONIX,95,Y
Zisu,galaxy,SPECIES_AIPOM,190,Y
Zisu,galaxy,SPECIES_MURKROW,198,Y
Zisu,galaxy,SPECIES_CHIMCHAR,443,Y
Zisu,galaxy,SPECIES_SHINX,456,Y
Zisu,galaxy,SPECIES_DRIFLOON,478,Y
Zisu,galaxy,SPECIES_BUNEARY,480,Y
Zisu,galaxy,SPECIES_ZORUA,623,Y
Zisu,galaxy,SPECIES_ZORUA_H,1244,Y
Zoey,anime,SPECIES_EEVEE,133,Y
Zoey,anime,SPECIES_MISDREAVUS,200,Y
Zoey,anime,SPECIES_RALTS,392,Y
Zoey,anime,SPECIES_SHELLOS,475,Y
Zoey,anime,SPECIES_GLAMEOW,484,Y
Zoey,anime,SPECIES_FINNEON,509,Y
